,dataSetName,archiveType,geo_meanLat,geo_meanLon,geo_meanElev,paleoData_variableName,paleoData_units,paleoData_proxy,paleoData_proxyGeneral,time_variableName,compilationName,TSID
0,LS16STCL,LakeSediment,50.83,-116.39,1126.0,d18O,permil,d18O,,year,iso2k,LPD7dc5b9ba
1,CO00URMA,Coral,0.933,173.0,6.0,d18O,permil,d18O,,year,iso2k,Ocean2kHR_177
4,CO05KUBE,Coral,32.467,-64.7,-12.0,d18O,permil,d18O,,year,iso2k,Ocean2kHR_105
5,IC13THQU,GlacierIce,-13.9333,-70.8333,5670.0,d18O,permil,d18O,,year,iso2k,SAm_035
6,CO01TUNG,Coral,-5.217,145.817,-3.0,d18O,permil,d18O,,year,iso2k,Ocean2kHR_140
7,CO01TUNG,Coral,-5.217,145.817,-3.0,d18O,permil,d18O,,year,iso2k,Ocean2kHR_141
8,CO06MOPE,Coral,16.75,-22.8883,-5.0,d18O,permil,d18O,,year,iso2k,Ocean2kHR_107
9,CO03COPM,Coral,5.87,-162.13,-7.0,d18O,permil,d18O,,year,iso2k,Ocean2kHR_139
10,CO00DRBE,Coral,32.3,-64.7,-25.0,d18O,permil,d18O,,year,iso2k,Ocean2kHR_125
11,CO00DRBE,Coral,32.3,-64.7,-25.0,d18O,permil,d18O,,year,iso2k,Ocean2kHR_124
12,CO98EVXM,Coral,1.6792,-157.2473,9.0,d18O,permil,d18O,,year,iso2k,Ocean2kHR_135
13,CO07CAFR,Coral,-17.73,148.43,-5.0,d18O,permil,d18O,,year,iso2k,Ocean2kHR_193
14,CO14OSPA,Coral,7.2859,134.2503,-12.0,d18O,permil,d18O,,year,iso2k,Ocean2kHR_181
15,CO14OSPA,Coral,7.2859,134.2503,-12.0,d18O,permil,d18O,,year,iso2k,Ocean2kHR_183
16,CO05BAFI,Coral,-16.8167,179.2333,-2.0,d18O,permil,d18O,,year,iso2k,Ocean2kHR_142
17,CO14ZIHO,Coral,-28.4589,113.749,-8.0,d18O,permil,d18O,,year,iso2k,Ocean2kHR_026
18,CO98BOFP,Coral,-17.5,-149.8333,-5.0,d18O,permil,d18O,,year,iso2k,Ocean2kHR_132
19,CO14ZIMG,Coral,-23.3572,43.6195,-1.1,d18O,permil,d18O,,year,iso2k,Ocean2kHR_022
20,CO14ZIMG,Coral,-23.3572,43.6195,-1.1,d18O,permil,d18O,,year,iso2k,Ocean2kHR_021
21,CO04ZIMG,Coral,-23.15,43.58,-1.1,d18O,permil,d18O,,year,iso2k,Ocean2kHR_020
22,SS03HAJA,Sclerosponge,18.47,-77.95,-20.0,d18O,permil,d18O,,year,iso2k,Ocean2kHR_128
23,SS03HAJA,Sclerosponge,18.47,-77.95,-20.0,d18O,permil,d18O,,year,iso2k,Ocean2kHR_126
24,CO04KIVA,Coral,-15.7,167.2,-1.5,d18O,permil,d18O,,year,iso2k,Ocean2kHR_174
25,CO06MOTO,Coral,11.17,-60.85,-2.0,d18O,permil,d18O,,year,iso2k,Ocean2kHR_110
26,CO06MOTO,Coral,11.17,-60.85,-2.0,d18O,permil,d18O,,year,iso2k,Ocean2kHR_108
27,CO06DATZ,Coral,-8.0167,39.5,-6.0,d18O,permil,d18O,,year,iso2k,Ocean2kHR_007
28,CO00FERA,Coral,27.85,34.32,-6.0,d18O,permil,d18O,,year,iso2k,Ocean2kHR_019
29,CO06QUNG,Coral,-4.1916,151.9772,-8.0,d18O,permil,d18O,,year,iso2k,Ocean2kHR_144
30,CO95TUNG,Coral,-5.22,145.82,-3.0,d18O,permil,d18O,,year,iso2k,Ocean2kHR_172
31,CO02KUBE,Coral,32.47,-64.7,-11.0,d18O,permil,d18O,,year,iso2k,Ocean2kHR_102
32,CO06LIFI,Coral,-16.8167,179.2333,-10.0,d18O,permil,d18O,,year,iso2k,Ocean2kHR_156
33,CO08GOBE,Coral,30.6486,-64.9888,-16.0,d18O,permil,d18O,,year,iso2k,Ocean2kHR_094
34,LS16STPA,LakeSediment,54.685,-122.617,733.0,d18O,permil,d18O,,year,iso2k,LPD179d915e
35,CO94LISE,Coral,7.98,-82.05,-3.0,d18O,permil,d18O,,year,iso2k,Ocean2kHR_138
36,LS13YUSA,LakeSediment,37.675,-105.723,2293.0,d18O,permil,d18O,,year,iso2k,GH8f461f71
37,CO10HEIG,Coral,16.2,-61.49,-1.7,d18O,permil,d18O,,year,iso2k,Ocean2kHR_097
38,CO00COKY,Coral,-3.2556,40.1433,-6.0,d18O,permil,d18O,,year,iso2k,Ocean2kHR_001
39,CO03CHBA,Coral,-8.2573,115.5757,-3.0,d18O,permil,d18O,,year,iso2k,Ocean2kHR_006
40,CO12GOVA,Coral,-15.94,166.04,-8.0,d18O,permil,d18O,,year,iso2k,Ocean2kHR_154
41,CO08ABSU,Coral,-0.13,98.52,-6.0,d18O,permil,d18O,,year,iso2k,Ocean2kHR_010
42,CO09NAKY,Coral,-3.2,40.1,-4.4,d18O,permil,d18O,,year,iso2k,Ocean2kHR_012
43,CO97CHSY,Coral,-4.6062,55.4244,-7.0,d18O,permil,d18O,,year,iso2k,Ocean2kHR_011
44,CO96QUVA,Coral,-15.0,167.0,-1.0,d18O,permil,d18O,,year,iso2k,Ocean2kHR_133
45,CO03CHBU,Coral,-1.5,124.833,-3.0,d18O,permil,d18O,,year,iso2k,Ocean2kHR_171
46,CO08HEVE,Coral,11.77,-66.75,-2.0,d18O,permil,d18O,,year,iso2k,Ocean2kHR_096
47,CO09FEOG,Coral,27.1059,142.1941,-5.6,d18O,permil,d18O,,year,iso2k,Ocean2kHR_163
48,CO05ASGU,Coral,13.598,144.836,-7.8,d18O,permil,d18O,,year,iso2k,Ocean2kHR_166
49,CO93COTW,Coral,1.4167,173.0333,-3.0,d18O,permil,d18O,,year,iso2k,Ocean2kHR_178
50,CO04PFRE,Coral,-21.0333,55.25,-12.3,d18O,permil,d18O,,year,iso2k,Ocean2kHR_013
51,CO94DUUR,Coral,-0.4084,-91.234,-1.5,d18O,permil,d18O,,year,iso2k,Ocean2kHR_173
52,LS14LASO,LakeSediment,41.7939,75.1961,3016.0,d2H,permil,dD,,year,iso2k,LPD343ffe05
53,CO04LIFI,Coral,-16.8167,179.2333,-10.0,d18O,permil,d18O,,year,iso2k,Ocean2kHR_157
54,SS05ROES,Sclerosponge,23.67,-75.75,-136.0,d18O,permil,d18O,,year,iso2k,Ocean2kHR_112
55,NAm-MtLemon.Briffa.2002,tree,32.5,-110.8,2700.0,MXD,,MXD,,year,Pages2kTemperature,NAm_568
56,Arc-Arjeplog.Bjorklund.2014,tree,66.3,18.2,800.0,density,,delta Density,,year,Pages2kTemperature,Arc_060
57,Asi-CHIN019.Li.2010,tree,29.15,99.93,2150.0,trsgi,,TRW,,year,Pages2kTemperature,Asia_041
58,NAm-Landslide.Luckman.2006,tree,60.2,-138.5,800.0,trsgi,,TRW,,year,Pages2kTemperature,NAm_1876
59,NAm-SmithersSkiArea.Schweingruber.1996,tree,54.9,-127.3,1200.0,MXD,,MXD,,year,Pages2kTemperature,NAm_1120
60,NAm-SmithersSkiArea.Schweingruber.1996,tree,54.9,-127.3,1200.0,trsgi,,TRW,,year,Pages2kTemperature,NAm_1108
61,Asi-GANGCD.PAGES2k.2013,tree,30.98,78.93,100.0,trsgi,,TRW,,year,Pages2kTemperature,Asia_102
62,Ocn-Mayotte.Zinke.2008,coral,-12.65,45.1,-3.0,d18O,permil,d18O,,year,Pages2kTemperature,Ocean2kHR_005
63,Ocn-Mayotte.Zinke.2008,coral,-12.65,45.1,-3.0,d18O,permil,d18O,,year,Pages2kTemperature,Ocean2kHR_002
64,Ocn-Mayotte.Zinke.2008,coral,-12.65,45.1,-3.0,Sr_Ca,mmol/mol,Sr/Ca,,year,Pages2kTemperature,Ocean2kHR_003
66,SAm-LagunaChepical.deJong.2013,lake sediment,-32.2667,-70.5,3050.0,temperature,degC,reflectance,,year,Pages2kTemperature,SAm_025
67,NAm-CoppermineRiver.Jacoby.1989,tree,67.2,-115.9,213.0,trsgi,,TRW,,year,Pages2kTemperature,NAm_1396
68,NAm-KobukNoatak.King.2003,tree,67.1,-159.6,100.0,trsgi,,TRW,,year,Pages2kTemperature,NAm_220
69,SAm-CentralAndes9.Mundo.2014,tree,-39.33,-71.25,1100.0,trsgi,,TRW,,year,Pages2kTemperature,SAm_020
70,Asi-JAPA016.Yasue.2013,tree,35.73,138.22,1950.0,trsgi,,TRW,,year,Pages2kTemperature,Asia_114
71,Asi-CHIN049.Brauning.2013,tree,31.23,96.48,3500.0,trsgi,,TRW,,year,Pages2kTemperature,Asia_219
72,NAm-MeadowMountain.Wilson.2005,tree,50.2,-117.1,2100.0,trsgi,,TRW,,year,Pages2kTemperature,NAm_1576
73,NAm-MeadowMountain.Wilson.2005,tree,50.2,-117.1,2100.0,MXD,,MXD,,year,Pages2kTemperature,NAm_1588
74,NAm-wa069.Peterson.1994,tree,48.7,-120.7,1925.0,trsgi,,TRW,,year,Pages2kTemperature,NAm_3388
75,NAm-PowderRiverPass.Briffa.1996,tree,44.2,-107.1,2850.0,MXD,,MXD,,year,Pages2kTemperature,NAm_3604
76,Asi-YKCOM.Yasue.2013,tree,30.37,130.53,4060.0,trsgi,,TRW,,year,Pages2kTemperature,Asia_117
78,Ocn-DryTortugasA.Lund.2006,marine sediment,24.33,-83.26,-547.0,temperature,degC,foram Mg/Ca,,year,Pages2kTemperature,O2kLR_066
79,Asi-LowerYangtzeRiver.Zhang.1980,documents,32.1,118.8,2200.0,temperature,index,historic,,year,Pages2kTemperature,Asia_324
80,Asi-NEPA025.Krusic.2013,tree,29.52,82.03,4000.0,trsgi,,TRW,,year,Pages2kTemperature,Asia_173
81,Asi-PAKI029.Cook.2013,tree,35.83,74.33,3200.0,trsgi,,TRW,,year,Pages2kTemperature,Asia_200
82,Asi-NEPA018.Krusic.2013,tree,27.73,86.33,3600.0,trsgi,,TRW,,year,Pages2kTemperature,Asia_171
83,Arc-LakeNataujaervi.Ojala.2005,lake sediment,61.81,24.68,103.7,X_radiograph_dark_layer,dark_sum,varve property,,year,Pages2kTemperature,Arc_025
84,NAm-PearlPeak.Graybill.1994,tree,40.2,-115.5,3170.0,trsgi,,TRW,,year,Pages2kTemperature,NAm_3004
85,Ocn-NewIrelandPapua.Alibert.2008,coral,-2.5,150.5,-8.0,Sr_Ca,mmol/mol,Sr/Ca,,year,Pages2kTemperature,Ocean2kHR_143
86,Asi-UULMND.Schweingruber.2002,tree,50.48,87.65,2150.0,trsgi,,TRW,,year,Pages2kTemperature,Asia_016
88,Aus-Oroko.Cook.2002,tree,-43.23,170.28,110.0,temperature,degC,TRW,,year,Pages2kTemperature,Aus_057
89,Asi-TW001.Wright.2010,tree,24.53,121.38,3800.0,trsgi,,TRW,,year,Pages2kTemperature,Asia_227
90,Ocn-Clipperton2b.Wu.2014,coral,10.2773,-109.2131,-13.0,Sr_Ca,mmol/mol,Sr/Ca,,year,Pages2kTemperature,Ocean2kHR_185
91,Ocn-NorthIceland.Sicre.2011,marine sediment,66.55,-17.42,-470.0,temperature,degC,alkenone,,year,Pages2kTemperature,O2kLR_045
92,Ocn-Rarotonga_d18O2R.Linsley.2006,coral,-21.2378,-159.8278,-18.3,d18O,permil,d18O,,year,Pages2kTemperature,Ocean2kHR_147
93,Asi-KYRG014.Solomina.2013,tree,42.42,78.97,69.0,trsgi,,TRW,,year,Pages2kTemperature,Asia_137
96,Asi-MONG021.Jacoby.2010,tree,48.35,107.47,2900.0,trsgi,,TRW,,year,Pages2kTemperature,Asia_145
98,Asi-ESPERG.PAGES2k.2013,tree,40.17,72.58,2500.0,trsgi,,TRW,,year,Pages2kTemperature,Asia_131
99,NAm-HornbyCabin.Jacoby.1989,tree,64.0,-103.9,160.0,trsgi,,TRW,,year,Pages2kTemperature,NAm_1408
100,NAm-MinersWell.Wiles.2000,tree,60.0,-141.7,650.0,trsgi,,TRW,,year,Pages2kTemperature,NAm_184
101,Asi-CHIN063.Shao.2013,tree,36.75,98.22,3040.0,trsgi,,TRW,,year,Pages2kTemperature,Asia_097
102,Ocn-EmeraldBasin.Keigwin.2007,marine sediment,43.53,-62.48,-250.0,temperature,degC,alkenone,,year,Pages2kTemperature,LPD68872399
103,Asi-CHIN006.Sheppard.2013,tree,36.3,98.08,1750.0,trsgi,,TRW,,year,Pages2kTemperature,Asia_048
105,NAm-MedusaBay.Buckley.2003,tree,56.9,-61.5,25.0,trsgi,,TRW,,year,Pages2kTemperature,NAm_1564
106,Ant-WAIS-Divide.Severinghaus.2012,borehole,-79.463,-112.125,1766.0,temperature,degC,borehole,,year,Pages2kTemperature,LPDb9285123
107,NAm-DenaliNationalPark.Schweingruber.1996,tree,63.7,-149.6,750.0,MXD,,MXD,,year,Pages2kTemperature,NAm_088
108,NAm-DarkLake.Gajewski.1988,lake sediment,45.3,-91.5,334.0,temperature,degC,pollen,,year,Pages2kTemperature,NAm_3810
109,NAm-FrenchGlacier.Colenutt.1995,tree,50.8,-115.3,2300.0,trsgi,,TRW,,year,Pages2kTemperature,NAm_1852
110,Ocn-Miyanohama.Felis.2009,coral,27.1059,142.1941,-5.6,Sr_Ca,mmol/mol,Sr/Ca,,year,Pages2kTemperature,Ocean2kHR_164
112,Asi-INDI025.Borgaonkar.2013,tree,10.18,76.87,3200.0,trsgi,,TRW,,year,Pages2kTemperature,Asia_105
113,Asi-MONG014.Jacoby.2013,tree,47.43,100.42,4100.0,trsgi,,TRW,,year,Pages2kTemperature,Asia_158
114,Asi-KYRG007.Esper.2007,tree,40.17,72.58,4200.0,trsgi,,TRW,,year,Pages2kTemperature,Asia_125
116,Ocn-CoralSea.Calvo.2007,coral,-17.73,148.43,-5.0,Sr_Ca,mmol/mol,Sr/Ca,,year,Pages2kTemperature,Ocean2kHR_194
117,Eur-Tallinn.Tarand.2001,documents,59.4,24.75,10.0,temperature,degC,historic,,year,Pages2kTemperature,Eur_026
118,Ocn-MD98-2160.Newton.2010,marine sediment,-5.2012,117.4867,-1185.0,temperature,degC,foram Mg/Ca,,year,Pages2kTemperature,LPD7e8e8eaa
119,Asi-CHIN064.Shao.2013,tree,36.68,98.42,3000.0,trsgi,,TRW,,year,Pages2kTemperature,Asia_098
120,Ocn-HoutmanAbrolhos.Kuhnert.1999,coral,-28.47,113.77,-5.0,d18O,permil,d18O,,year,Pages2kTemperature,Ocean2kHR_023
122,Ocn-WestSpitzberg.Bonnet.2010,marine sediment,78.96,5.885,-1497.0,temperature,degC,dynocist MAT,,year,Pages2kTemperature,LPD995c6f3c
123,Asi-UULLWD.Schweingruber.2002,tree,50.48,87.65,2150.0,trsgi,,TRW,,year,Pages2kTemperature,Asia_015
124,Ocn-EmeraldBasin.Keigwin.2003,marine sediment,45.89,-62.8,-250.0,temperature,degC,alkenone,,year,Pages2kTemperature,O2kLR_074
125,SAm-LagunaAculeo.vonGunten.2009,lake sediment,-33.85,-70.92,355.0,temperature,degC,reflectance,,year,Pages2kTemperature,SAm_0243
126,Asi-CHIN048.Brauning.2013,tree,30.3,91.52,700.0,trsgi,,TRW,,year,Pages2kTemperature,Asia_224
127,NAm-BorealPlateau.Graumlich.2005,tree,36.3,-118.3,3420.0,trsgi,,TRW,,year,Pages2kTemperature,NAm_868
129,NAm-ClearPond.Gajewski.1988,lake sediment,33.8,-79.0,513.0,temperature,degC,pollen,,year,Pages2kTemperature,NAm_3804
130,Asi-UULTRW.Schweingruber.2002,tree,50.48,87.65,2150.0,trsgi,,TRW,,year,Pages2kTemperature,Asia_011
131,Ocn-FiskBasin.Richey.2009,marine sediment,27.55,-93.93,-817.0,temperature,degC,foram Mg/Ca,,year,Pages2kTemperature,LPD57d40973
132,Asi-CHIN060.Shao.2013,tree,37.32,98.4,3980.0,trsgi,,TRW,,year,Pages2kTemperature,Asia_094
133,NAm-FishCreekTrail.Biondi.2001,tree,34.1,-116.8,2890.0,trsgi,,TRW,,year,Pages2kTemperature,NAm_808
134,Ocn-Rarotonga_d18O99.Linsley.2006,coral,-21.2378,-159.8278,-18.0,d18O,permil,d18O,,year,Pages2kTemperature,Ocean2kHR_152
135,Asi-MONG026.Jacoby.2010,tree,46.82,100.12,4400.0,trsgi,,TRW,,year,Pages2kTemperature,Asia_151
137,Asi-INDI024.Borgaonkar.2013,tree,31.37,78.17,3150.0,trsgi,,TRW,,year,Pages2kTemperature,Asia_107
138,Asi-GOUQIN.PAGES2k.2013,tree,34.73,100.8,1750.0,trsgi,,TRW,,year,Pages2kTemperature,Asia_044
139,Asi-CHIN059.Shao.2013,tree,33.8,96.13,3400.0,trsgi,,TRW,,year,Pages2kTemperature,Asia_093
140,Asi-KAZ001.Solomina.2010,tree,43.35,77.35,4300.0,trsgi,,TRW,,year,Pages2kTemperature,Asia_134
141,Eur-CentralandEasternPyrenees.Pla.2004,lake sediment,42.5,0.75,2280.0,temperature,degC,chrysophyte,,year,Pages2kTemperature,Eur_024
142,NAm-SunshineMeadows.Colenutt.1995,tree,51.1,-115.8,2250.0,MXD,,MXD,,year,Pages2kTemperature,NAm_2056
143,Asi-UKHMXD.Schweingruber.2002,tree,50.15,85.37,1750.0,trsgi,,TRW,,year,Pages2kTemperature,Asia_024
144,Ocn-HoutmanAbrolhosHAB10A.Zinke.2014,coral,-28.4589,113.749,-8.0,d18O,permil,d18O,,year,Pages2kTemperature,Ocean2kHR_026
145,Ocn-HoutmanAbrolhosHAB10A.Zinke.2014,coral,-28.4589,113.749,-8.0,Sr_Ca,mmol/mol,Sr/Ca,,year,Pages2kTemperature,Ocean2kHR_027
146,NAm-ScatterLake.Graumlich.2003,tree,48.3,-120.3,2100.0,trsgi,,TRW,,year,Pages2kTemperature,NAm_3376
147,Asi-NEPA010.Krusic.2013,tree,27.7,86.45,3700.0,trsgi,,TRW,,year,Pages2kTemperature,Asia_168
148,Asi-SourthAndMiddleUrals.Demezhko.2007,borehole,55.0,59.5,1900.0,temperature,degC,borehole,,year,Pages2kTemperature,Asia_230
149,Asi-PAKI039.Cook.2013,tree,35.0,70.78,3750.0,trsgi,,TRW,,year,Pages2kTemperature,Asia_213
150,Ocn-ImperieuseRowleyShoals.Cooper.2012,coral,-17.5167,118.9667,-6.0,composite,percent,calcification rate,,year,Pages2kTemperature,LPD24dd89b2
151,Asi-MONG029.Jacoby.2010,tree,49.87,91.43,1700.0,trsgi,,TRW,,year,Pages2kTemperature,Asia_154
152,NAm-FlintCreekRange.Hughes.2005,tree,46.3,-113.2,2645.0,trsgi,,TRW,,year,Pages2kTemperature,NAm_2812
153,Ocn-Rarotonga_d18O3R.Linsley.2006,coral,-21.2378,-159.8278,-10.0,d18O,permil,d18O,,year,Pages2kTemperature,Ocean2kHR_150
154,Asi-KYRG015.Solomina.2013,tree,42.15,79.45,2200.0,trsgi,,TRW,,year,Pages2kTemperature,Asia_138
155,NAm-SignalMountain.Luckman.2001,tree,52.9,-118.0,2050.0,trsgi,,TRW,,year,Pages2kTemperature,NAm_2260
156,Arc-Tjeggelvas.Bjorklund.2012,tree,66.6,17.6,520.0,density,,delta Density,,year,Pages2kTemperature,Arc_059
157,Asi-UKHEWD.Schweingruber.2002,tree,50.15,85.37,1750.0,trsgi,,TRW,,year,Pages2kTemperature,Asia_021
158,Eur-CentralEurope.Dobrovolny.2009,documents,49.0,13.0,,temperature,degC,Documentary,,year,Pages2kTemperature,Eur_022
159,Arc-Indigirka.Hughes.1999,tree,69.5,147.0,80.0,trsgi,,TRW,,year,Pages2kTemperature,Arc_016
160,Asi-WXIYUN.Wright.2010,tree,27.33,99.3,1750.0,trsgi,,TRW,,year,Pages2kTemperature,Asia_042
161,NAm-wa071.Peterson.1994,tree,48.7,-120.7,1925.0,trsgi,,TRW,,year,Pages2kTemperature,NAm_3400
162,Ocn-AlboranSea436B.Nieto-Moreno.2013,marine sediment,36.2053,-4.3133,-1108.0,temperature,degC,alkenone,,year,Pages2kTemperature,LPD0e0867fe
163,Ocn-ChileanMargin.Lamy.2002,marine sediment,-41.0,-74.45,-852.0,temperature,degC,alkenone,,year,Pages2kTemperature,O2kLR_187
164,Asi-MONG002.Jacoby.2013,tree,47.77,107.0,5900.0,trsgi,,TRW,,year,Pages2kTemperature,Asia_152
165,NAm-VicaryMine.Sauchyn.2016,tree,49.8,-114.5,1909.0,trsgi,,TRW,,year,Pages2kTemperature,NAm_3280
166,NAm-FirthRiver.Anchukaitis.2013,tree,68.7,-141.6,790.0,MXD,,MXD,,year,Pages2kTemperature,NAm_3772
167,Ocn-TurrumoteReefPuertoRico.Kilbourne.2008,coral,17.93,-67.0,-5.0,Sr_Ca,mmol/mol,Sr/Ca,,year,Pages2kTemperature,Ocean2kHR_100
168,Ocn-TurrumoteReefPuertoRico.Kilbourne.2008,coral,17.93,-67.0,-5.0,d18O,permil,d18O,,year,Pages2kTemperature,Ocean2kHR_099
169,Asi-PAKI017.Cook.2013,tree,35.33,74.8,3300.0,trsgi,,TRW,,year,Pages2kTemperature,Asia_184
171,Eur-TatraMountains.Buentgen.2013,tree,49.0,20.0,1000.0,trsgi,,TRW,,year,Pages2kTemperature,Eur_015
172,Ocn-Clipperton4b.Wu.2014,coral,10.2773,-109.2131,-13.0,Sr_Ca,mmol/mol,Sr/Ca,,year,Pages2kTemperature,Ocean2kHR_187
173,NAm-LacRomanel.Schweingruber.1996,tree,56.2,-67.7,1000.0,MXD,,MXD,,year,Pages2kTemperature,NAm_1024
174,NAm-LacRomanel.Schweingruber.1996,tree,56.2,-67.7,1000.0,trsgi,,TRW,,year,Pages2kTemperature,NAm_1012
175,NAm-GeraldineLakes.Luckman.2001,tree,52.6,-117.9,2000.0,trsgi,,TRW,,year,Pages2kTemperature,NAm_2152
176,Asi-EastChina.Wang.1990,documents,30.0,117.5,2600.0,temperature,index,historic,,year,Pages2kTemperature,Asia_317
177,Asi-WEXYUN.Wright.2010,tree,27.33,99.3,3800.0,trsgi,,TRW,,year,Pages2kTemperature,Asia_073
178,Eur-SpannagelCave.Mangini.2005,speleothem,47.1,11.6,2347.0,d18O,permil,d18O,,year,Pages2kTemperature,Eur_001
179,NAm-GranitePassHuntMountain.Briffa.1996,tree,44.8,-107.9,2820.0,MXD,,MXD,,year,Pages2kTemperature,NAm_3676
180,Asi-JAPA017.Yasue.2013,tree,30.37,130.53,3500.0,trsgi,,TRW,,year,Pages2kTemperature,Asia_118
181,NAm-RockGlacierYukon.Kenigsberg.2013,tree,61.4,-128.4,1450.0,trsgi,,TRW,,year,Pages2kTemperature,NAm_1972
182,NAm-HighwoodPass.Luckman.2001,tree,50.6,-115.0,2250.0,trsgi,,TRW,,year,Pages2kTemperature,NAm_2164
183,NAm-BigWhite2.Wilson.2005,tree,49.7,-118.9,2000.0,trsgi,,TRW,,year,Pages2kTemperature,NAm_1660
184,NAm-BigWhite2.Wilson.2005,tree,49.7,-118.9,2000.0,MXD,,MXD,,year,Pages2kTemperature,NAm_1672
185,Asi-Puruogangri.Thompson.2006,glacier ice,33.9167,89.0833,6070.0,d18O,permil,d18O,,year,Pages2kTemperature,Asia_305
186,Asi-MONG030.Jacoby.2010,tree,49.38,94.88,4200.0,trsgi,,TRW,,year,Pages2kTemperature,Asia_156
187,Eur-MaritimeFrenchAlps.Buentgen.2012,tree,44.0,7.5,2100.0,trsgi,,TRW,,year,Pages2kTemperature,Eur_019
188,Asi-KYRG013.Solomina.2013,tree,42.15,79.47,320.0,trsgi,,TRW,,year,Pages2kTemperature,Asia_136
189,Ocn-CH07-98-MC-22.Saenger.2011,marine sediment,32.784,-76.276,-1895.0,temperature,degC,foram Mg/Ca,,year,Pages2kTemperature,LPDa03ec713
190,Asi-UKHTRW.Schweingruber.2002,tree,50.15,85.37,1750.0,trsgi,,TRW,,year,Pages2kTemperature,Asia_018
191,Ocn-AqabaJordanAQ19.Heiss.1999,coral,29.42,34.97,-1.0,d18O,permil,d18O,,year,Pages2kTemperature,Ocean2kHR_016
192,Aus-CTPEastTasmania.Allen.2001,tree,-41.31,147.75,750.0,trsgi,,TRW,,year,Pages2kTemperature,Aus_015
193,Ocn-UrvinaBay.Dunbar.1994,coral,-0.4,-91.23,-1.5,d18O,permil,d18O,,year,Pages2kTemperature,Ocean2kHR_173
194,Asi-PAKI020.Cook.2013,tree,35.68,71.63,3000.0,trsgi,,TRW,,year,Pages2kTemperature,Asia_190
195,Asi-UULMXD.Schweingruber.2002,tree,50.48,87.65,2150.0,trsgi,,TRW,,year,Pages2kTemperature,Asia_017
196,NAm-RubyLake.Gajewski.1988,lake sediment,45.3,-91.5,335.0,temperature,degC,pollen,,year,Pages2kTemperature,NAm_3816
197,Asi-KYRG002.Esper.2007,tree,40.17,72.58,3720.0,trsgi,,TRW,,year,Pages2kTemperature,Asia_121
198,Asi-MONG015.Jacoby.2013,tree,48.17,99.87,3200.0,trsgi,,TRW,,year,Pages2kTemperature,Asia_148
199,NAm-CeaderBreaks.Briffa.1996,tree,37.6,-113.9,3120.0,MXD,,MXD,,year,Pages2kTemperature,NAm_3244
200,Asi-CHIN041.Fan.2013,tree,27.88,98.4,2900.0,trsgi,,TRW,,year,Pages2kTemperature,Asia_083
202,Ocn-BundegireefNingaloo.Cooper.2012,coral,-21.8333,114.1833,-6.0,composite,percent,calcification rate,,year,Pages2kTemperature,LPDaa786707
203,Asi-KYRG011.Shiyatov.2013,tree,39.83,71.5,4400.0,trsgi,,TRW,,year,Pages2kTemperature,Asia_129
204,Asi-CHIN029.Krusic.2010,tree,43.85,93.3,4150.0,trsgi,,TRW,,year,Pages2kTemperature,Asia_064
205,Ocn-FeniDrift.Richter.2009,marine sediment,55.5,-13.9,-2543.0,temperature,degC,foram Mg/Ca,,year,Pages2kTemperature,LPD47182517
206,Asi-PAKI024.Cook.2013,tree,35.03,74.58,1830.0,trsgi,,TRW,,year,Pages2kTemperature,Asia_194
207,Ocn-MentawaiIslands.Abram.2008,coral,-0.13,98.52,-6.0,d18O,permil,d18O,,year,Pages2kTemperature,Ocean2kHR_010
208,Ocn-WesternSvalbard.Spielhagen.2011,marine sediment,78.91,6.77,-1491.0,temperature,degC,planktonic foraminifera,,year,Pages2kTemperature,O2kLR_007
209,Asi-JAPA015.Yasue.2013,tree,43.22,145.47,3780.0,trsgi,,TRW,,year,Pages2kTemperature,Asia_113
210,NAm-SiberianOutpostView.Bunn.2010,tree,36.5,-118.3,3500.0,trsgi,,TRW,,year,Pages2kTemperature,NAm_052
211,Asi-PAKI033.Cook.2013,tree,35.5,74.75,3600.0,trsgi,,TRW,,year,Pages2kTemperature,Asia_207
212,NAm-BigWhite.Parish.2000,tree,49.9,-118.9,1700.0,trsgi,,TRW,,year,Pages2kTemperature,NAm_1384
213,Ocn-AbrahamReef.Druffel.1999,coral,-22.1,153.0,-2.5,d18O,permil,d18O,,year,Pages2kTemperature,Ocean2kHR_167
214,Aus-PinkPine.Duncan.2010,tree,-43.0,171.0,640.0,trsgi,,TRW,,year,Pages2kTemperature,Aus_062
215,NAm-CarltonRidge.Kipfmuller.2008,tree,46.7,-114.2,2614.0,trsgi,,TRW,,year,Pages2kTemperature,NAm_004
216,Ocn-FloridaBay.Swart.1996,coral,24.93,-80.75,-3.0,d18O,permil,d18O,,year,Pages2kTemperature,Ocean2kHR_116
217,Ocn-ClerkeReefRowleyShoals.Cooper.2012,coral,-17.2667,119.3667,-6.0,composite,percent,calcification rate,,year,Pages2kTemperature,LPDe1fb72db
218,NAm-LakeoftheClouds.Gajewski.1988,lake sediment,48.0,-91.0,462.0,temperature,degC,pollen,,year,Pages2kTemperature,NAm_3851
219,Asi-MONG027.Jacoby.2010,tree,46.32,101.32,300.0,trsgi,,TRW,,year,Pages2kTemperature,Asia_140
220,Asi-UKHLWD.Schweingruber.2002,tree,50.15,85.37,1750.0,trsgi,,TRW,,year,Pages2kTemperature,Asia_022
221,NAm-CraterLakeNE.Briffa.2002,tree,43.0,-122.2,2200.0,MXD,,MXD,,year,Pages2kTemperature,NAm_3100
222,NAm-Nakiska.Luckman.2001,tree,50.9,-115.2,2120.0,trsgi,,TRW,,year,Pages2kTemperature,NAm_2212
223,Ocn-MD98-2177.Newton.2010,marine sediment,1.4033,119.078,-968.0,temperature,degC,foram Mg/Ca,,year,Pages2kTemperature,LPD30c5b95c
224,NAm-SnowBowlSanFranciscoPeak.Briffa.2002,tree,35.4,-110.2,3150.0,MXD,,MXD,,year,Pages2kTemperature,NAm_520
225,Aus-BuckleysChance.Buckley.1997,tree,-42.27,145.87,900.0,trsgi,,TRW,,year,Pages2kTemperature,Aus_010
226,NAm-EagleFecal_PtarmiganMerge.Jacoby.2011,tree,69.5,-127.8,500.0,MXD,,MXD,,year,Pages2kTemperature,NAm_1816
227,SAm-LagunaEscondida.Elbert.2013,lake sediment,-45.5167,-71.8167,725.0,temperature,degC,BSi,,year,Pages2kTemperature,SAm_032
228,NAm-YellowMountainRidge.King.2002,tree,45.3,-111.3,2500.0,trsgi,,TRW,,year,Pages2kTemperature,NAm_2776
229,Asi-QUMAJP.PAGES2k.2013,tree,33.8,96.13,3400.0,trsgi,,TRW,,year,Pages2kTemperature,Asia_067
230,Aus-MtRead.Cook.2006,tree,-41.83,145.53,900.0,temperature,degC,TRW,,year,Pages2kTemperature,Aus_041
231,Asi-PTCYUN.PAGES2k.2013,tree,27.37,99.37,3800.0,trsgi,,TRW,,year,Pages2kTemperature,Asia_072
232,Asi-KYRG008.Shiyatov.2013,tree,40.2,72.58,4100.0,trsgi,,TRW,,year,Pages2kTemperature,Asia_126
234,Ocn-BermudaSouthShore.Goodkin.2008,coral,30.6486,-64.9888,-16.0,Sr_Ca,mmol/mol,Sr/Ca,,year,Pages2kTemperature,Ocean2kHR_095
235,NAm-Athabasca.Schweingruber.1996,tree,51.4,-117.3,2000.0,MXD,,MXD,,year,Pages2kTemperature,NAm_1468
236,Asi-MONG028.Jacoby.2010,tree,48.83,111.68,1700.0,trsgi,,TRW,,year,Pages2kTemperature,Asia_153
237,Asi-CHIN053.Shao.2013,tree,37.43,98.05,4600.0,trsgi,,TRW,,year,Pages2kTemperature,Asia_087
238,NAm-STREC.Gennaretti.2014,tree,54.21,-71.35,500.0,temperature,degC,TRW,,year,Pages2kTemperature,NAm_3796
240,Asi-CHIN037.Fan.2013,tree,27.58,99.35,100.0,trsgi,,TRW,,year,Pages2kTemperature,Asia_079
241,Asi-KYRG005.Esper.2007,tree,40.17,72.58,3950.0,trsgi,,TRW,,year,Pages2kTemperature,Asia_124
242,Ocn-ODP984.Came.2007,marine sediment,61.43,-24.085,-1648.0,temperature,degC,foram Mg/Ca,,year,Pages2kTemperature,LPDbd07f717
243,Asi-UULEWD.Schweingruber.2002,tree,50.48,87.65,2150.0,trsgi,,TRW,,year,Pages2kTemperature,Asia_014
244,NAm-NabesnaMine.Jacoby.2003,tree,62.4,-143.1,1167.0,trsgi,,TRW,,year,Pages2kTemperature,NAm_292
245,NAm-NabesnaMine.Jacoby.2003,tree,62.4,-143.1,1167.0,MXD,,MXD,,year,Pages2kTemperature,NAm_304
246,Asi-Guliya.Thompson.1997,glacier ice,35.28,81.48,6200.0,d18O,permil,d18O,,year,Pages2kTemperature,Asia_247
247,Asi-RANGCD.PAGES2k.2013,tree,33.08,76.43,3240.0,trsgi,,TRW,,year,Pages2kTemperature,Asia_103
248,Asi-CHIN016.Li.2010,tree,31.78,101.92,3900.0,trsgi,,TRW,,year,Pages2kTemperature,Asia_071
249,Eur-RAPiD-17-5P.Moffa-Sanchez.2014,marine sediment,61.48,-19.53,-2303.0,d18O,permil,d18O,,year,Pages2kTemperature,Eur_009
250,NAm-PikePeaks.Harlan.1996,tree,39.3,-105.0,3600.0,trsgi,,TRW,,year,Pages2kTemperature,NAm_2476
251,NAm-PikePeaks.Harlan.1996,tree,39.3,-105.0,3600.0,MXD,,MXD,,year,Pages2kTemperature,NAm_2488
252,Asi-MONG031.Jacoby.2010,tree,48.25,97.4,3010.0,trsgi,,TRW,,year,Pages2kTemperature,Asia_161
253,NAm-Nadahini.Luckman.2013,tree,59.8,-136.6,915.0,trsgi,,TRW,,year,Pages2kTemperature,NAm_1936
254,Asi-Fujian.Wang.1998,documents,24.0,121.0,3700.0,temperature,index,historic,,year,Pages2kTemperature,Asia_321
255,NAm-SunwaptaPass.Schweingruber.1996,tree,52.3,-117.0,2000.0,MXD,,MXD,,year,Pages2kTemperature,NAm_1216
256,NAm-SunwaptaPass.Schweingruber.1996,tree,52.3,-117.0,2000.0,trsgi,,TRW,,year,Pages2kTemperature,NAm_1204
257,NAm-McGinnisTrail.Wiles.2013,tree,58.4,-134.6,757.0,trsgi,,TRW,,year,Pages2kTemperature,NAm_424
258,Eur-LakeSilvaplana.Trachsel.2010,lake sediment,46.5,9.8,1791.0,temperature,degC,reflectance,,year,Pages2kTemperature,Eur_002
259,Asi-CHIN057.Shao.2013,tree,34.47,110.08,4900.0,trsgi,,TRW,,year,Pages2kTemperature,Asia_091
260,NAm-AthabascaGlacier2.Luckman.2005,tree,52.2,-117.2,2000.0,MXD,,MXD,,year,Pages2kTemperature,NAm_2080
261,NAm-AthabascaGlacier2.Luckman.2005,tree,52.2,-117.2,2000.0,trsgi,,TRW,,year,Pages2kTemperature,NAm_2068
262,NAm-SheepTrail.Brown.2005,tree,41.4,-106.2,3235.0,MXD,,MXD,,year,Pages2kTemperature,NAm_3724
263,NAm-SheepTrail.Brown.2005,tree,41.4,-106.2,3235.0,trsgi,,TRW,,year,Pages2kTemperature,NAm_3712
264,NAm-SmallRiver.Luckman.2001,tree,53.2,-119.5,1900.0,trsgi,,TRW,,year,Pages2kTemperature,NAm_2272
266,Ocn-GulfofGuinea.Weldeab.2007,marine sediment,2.5,9.38,-1295.0,temperature,degC,foram Mg/Ca,,year,Pages2kTemperature,LPD9cc3baf6
267,NAm-BlanchardRiver.Luckman.2013,tree,59.9,-136.8,931.0,trsgi,,TRW,,year,Pages2kTemperature,NAm_1924
268,Asi-KYRG012.Solomina.2013,tree,42.2,79.05,4000.0,trsgi,,TRW,,year,Pages2kTemperature,Asia_135
269,NAm-BakerLake.Hughes.2005,tree,45.9,-114.3,2680.0,MXD,,MXD,,year,Pages2kTemperature,NAm_2800
270,NAm-BakerLake.Hughes.2005,tree,45.9,-114.3,2680.0,trsgi,,TRW,,year,Pages2kTemperature,NAm_2788
271,NAm-VancouverCyprusProvincialPark.Briffa.1996,tree,49.4,-123.1,1110.0,MXD,,MXD,,year,Pages2kTemperature,NAm_1312
272,Ocn-LaurentianFan.Keigwin.2005,marine sediment,43.48,-54.87,-3975.0,temperature,degC,alkenone,,year,Pages2kTemperature,O2kLR_030
273,NAm-DonJekRiverBridge.Schweingruber.1996,tree,61.7,-139.7,750.0,MXD,,MXD,,year,Pages2kTemperature,NAm_1072
274,Ant-SiteDML07.Graf.2002,glacier ice,-75.58,-3.43,2680.0,d18O,permil,d18O,,year,Pages2kTemperature,Ant_006
275,Asi-CHIN021.Li.2010,tree,28.98,99.93,2150.0,trsgi,,TRW,,year,Pages2kTemperature,Asia_039
276,Ocn-HoutmanAbrolhosIslands.Cooper.2012,coral,-28.4667,113.7667,-6.0,composite,percent,calcification rate,,year,Pages2kTemperature,LPD378db911
277,Arc-HalletLake.McKay.2008,lake sediment,61.5,-146.2,1128.0,temperature,degC,BSi,,year,Pages2kTemperature,Arc_073
278,Ocn-Palmyra.Nurhati.2011,coral,5.87,-162.13,-10.0,Sr_Ca,mmol/mol,Sr/Ca,,year,Pages2kTemperature,Ocean2kHR_161
279,Asi-CHIN050.Shao.2013,tree,37.47,97.23,6700.0,trsgi,,TRW,,year,Pages2kTemperature,Asia_084
281,Asi-UKHMND.Schweingruber.2002,tree,50.15,85.37,1750.0,trsgi,,TRW,,year,Pages2kTemperature,Asia_023
282,Ocn-SouthChinaSea.Zhao.2006,marine sediment,8.73,109.869,-1598.0,temperature,degC,alkenone,,year,Pages2kTemperature,LPD44b374e7
283,Ocn-SubTropicalEasternNorthAtlantic.deMenocal.2000,marine sediment,20.75,-18.5833,-2263.0,temperature,degC,planktonic foraminifera,,year,Pages2kTemperature,O2kLR_082
284,Asi-KYRG010.Shiyatov.2013,tree,40.17,72.62,3000.0,trsgi,,TRW,,year,Pages2kTemperature,Asia_128
285,Asi-Hunan-Jiangsu.Zhang.1980,documents,28.0,116.5,2300.0,temperature,index,historic,,year,Pages2kTemperature,Asia_328
286,Ocn-CoralBayNingaloo.Cooper.2012,coral,-23.0333,113.8167,-6.0,composite,percent,calcification rate,,year,Pages2kTemperature,LPD3100fe0a
287,NAm-TamarackBowl.Sauchyn.2016,tree,49.3,-114.4,1838.0,trsgi,,TRW,,year,Pages2kTemperature,NAm_3184
289,Asi-KYRG004.Esper.2007,tree,40.17,72.58,4200.0,trsgi,,TRW,,year,Pages2kTemperature,Asia_123
290,Asi-JAPA020.Kimura.2013,tree,30.33,130.5,3800.0,trsgi,,TRW,,year,Pages2kTemperature,Asia_111
291,Asi-CHIN040.Fan.2013,tree,28.03,98.98,3500.0,trsgi,,TRW,,year,Pages2kTemperature,Asia_082
292,Asi-SHIESP.PAGES2k.2013,tree,39.83,71.5,1350.0,trsgi,,TRW,,year,Pages2kTemperature,Asia_132
293,Asi-CHIN054.Shao.2013,tree,37.45,97.78,2810.0,trsgi,,TRW,,year,Pages2kTemperature,Asia_088
294,Asi-MONG004.Jacoby.2013,tree,47.95,107.45,3700.0,trsgi,,TRW,,year,Pages2kTemperature,Asia_166
295,NAm-ParkMountain.Wilson.2005,tree,50.6,-118.6,1830.0,trsgi,,TRW,,year,Pages2kTemperature,NAm_1636
296,NAm-ParkMountain.Wilson.2005,tree,50.6,-118.6,1830.0,MXD,,MXD,,year,Pages2kTemperature,NAm_1648
297,NAm-GreatBasin.Salzer.2013,tree,37.0,-116.5,700.0,trsgi,,TRW,,year,Pages2kTemperature,NAm_028
298,NAm-SpillwayLakeYosemiteNationalPark.King.2000,tree,37.8,-119.2,3300.0,trsgi,,TRW,,year,Pages2kTemperature,NAm_796
299,Asi-NEPA019.Krusic.2013,tree,29.47,82.12,6400.0,trsgi,,TRW,,year,Pages2kTemperature,Asia_172
300,Ocn-JacafFjord.Sepulveda.2009,marine sediment,-44.33,-72.97,-510.0,temperature,degC,alkenone,,year,Pages2kTemperature,LPD6315f935
301,Asi-PAKI023.Cook.2013,tree,35.9,71.73,3000.0,trsgi,,TRW,,year,Pages2kTemperature,Asia_193
302,Asi-JAPA014.Yasue.2013,tree,43.5,143.2,2050.0,trsgi,,TRW,,year,Pages2kTemperature,Asia_115
303,Ocn-Palmyra.Cobb.2013,coral,5.87,-162.13,-7.0,d18O,permil,d18O,,year,Pages2kTemperature,Ocean2kHR_139
304,NAm-MtStHelens.Briffa.1996,tree,46.2,-122.2,1200.0,MXD,,MXD,,year,Pages2kTemperature,NAm_3436
305,NAm-Sugarloaf.Kenigsberg.2013,tree,60.1,-134.4,1330.0,trsgi,,TRW,,year,Pages2kTemperature,NAm_2008
306,Asi-MQACJP.PAGES2k.2013,tree,35.07,100.35,2600.0,trsgi,,TRW,,year,Pages2kTemperature,Asia_078
307,Asi-MONG020.Jacoby.2010,tree,48.27,88.87,2400.0,trsgi,,TRW,,year,Pages2kTemperature,Asia_144
308,Asi-KYRG009.Shiyatov.2013,tree,39.92,71.47,2900.0,trsgi,,TRW,,year,Pages2kTemperature,Asia_127
309,Asi-WULANJ.PAGES2k.2013,tree,37.03,98.68,3040.0,trsgi,,TRW,,year,Pages2kTemperature,Asia_066
310,Asi-PAKI040.Cook.2011,tree,35.35,71.8,3900.0,trsgi,,TRW,,year,Pages2kTemperature,Asia_214
311,Asi-CentralChina.Wang.1998,documents,29.0,113.0,3000.0,temperature,index,historic,,year,Pages2kTemperature,Asia_320
312,Ocn-ArabianSea.Doose-Rolinski.2001,marine sediment,24.83,65.92,-695.0,temperature,degC,alkenone,,year,Pages2kTemperature,O2kLR_114
313,Eur-EuropeanAlps.Buentgen.2011,tree,47.0,10.7,2050.0,trsgi,,TRW,,year,Pages2kTemperature,Eur_017
314,Asi-MONG012.Jacoby.2006,tree,48.98,103.22,2950.0,trsgi,,TRW,,year,Pages2kTemperature,Asia_160
315,NAm-BasinPond.Gajewski.1988,lake sediment,44.5,-70.1,124.0,temperature,degC,pollen,,year,Pages2kTemperature,NAm_3801
316,Asi-SihailongwaLake.Chu.2011,lake sediment,42.17,126.36,1000.0,temperature,degC,alkenone,,year,Pages2kTemperature,LPDdc74a376
317,Ocn-PedradeLume-CapeVerdeIslands.Moses.2006,coral,16.76,-22.8883,-5.0,d18O,permil,d18O,,year,Pages2kTemperature,Ocean2kHR_107
318,Asi-PAKI030.Cook.2013,tree,35.88,74.18,3630.0,trsgi,,TRW,,year,Pages2kTemperature,Asia_201
319,Ocn-AqabaJordanAQ18.Heiss.1999,coral,29.42,34.97,-1.0,d18O,permil,d18O,,year,Pages2kTemperature,Ocean2kHR_014
320,Arc-Hvitarvatn.Larsen.2011,lake sediment,64.6,-19.8,422.0,thickness,cm,varve thickness,,year,Pages2kTemperature,Arc_021
321,Ocn-BiscayneBay.Swart.1996,coral,25.38,-80.17,-10.0,d18O,permil,d18O,,year,Pages2kTemperature,Ocean2kHR_118
322,Asi-CHIN005.Sheppard.2013,tree,37.0,98.08,100.0,trsgi,,TRW,,year,Pages2kTemperature,Asia_049
323,Asi-NEPA032.Krusic.2013,tree,27.67,87.2,3300.0,trsgi,,TRW,,year,Pages2kTemperature,Asia_176
324,Asi-PAKI027.Cook.2013,tree,35.35,71.93,2670.0,trsgi,,TRW,,year,Pages2kTemperature,Asia_198
325,Asi-MCCHFH.Sano.2008,tree,21.67,104.1,3600.0,trsgi,,TRW,,year,Pages2kTemperature,Asia_228
326,NAm-MountWashington.Graybill.1994,tree,38.5,-114.2,3415.0,trsgi,,TRW,,year,Pages2kTemperature,NAm_3016
327,NAm-MountAdamsLow.Peterson.1994,tree,46.2,-121.5,1495.0,trsgi,,TRW,,year,Pages2kTemperature,NAm_3556
328,NAm-OregonCaves.Ersek.2012,speleothem,42.083,-123.416,1200.0,d18O,permil,d18O,,year,Pages2kTemperature,NAm_3870
329,Asi-BT018.Cook.2010,tree,27.95,89.75,2150.0,trsgi,,TRW,,year,Pages2kTemperature,Asia_035
330,Aus-DuckholeLake.Saunders.2013,lake sediment,-43.3646,146.8749,150.0,RABD660_670,,reflectance,,year,Pages2kTemperature,LPD335d863f
332,Asi-KYRG003.Esper.2007,tree,40.17,72.58,3700.0,trsgi,,TRW,,year,Pages2kTemperature,Asia_122
333,Arc-Tornetrask.Melvin.2012,tree,68.26,19.6,320.0,temperature,degC,MXD,,year,Pages2kTemperature,Arc_012mxd
334,Asi-MQBXJP.PAGES2k.2013,tree,34.78,99.78,800.0,trsgi,,TRW,,year,Pages2kTemperature,Asia_052
335,Asi-CHIN055.Shao.2013,tree,37.52,97.05,100.0,trsgi,,TRW,,year,Pages2kTemperature,Asia_089
336,Asi-HBHXJP.PAGES2k.2013,tree,34.78,100.82,2100.0,trsgi,,TRW,,year,Pages2kTemperature,Asia_060
337,NAm-SnakeCreek.Kenigsberg.2013,tree,59.6,-133.4,1350.0,trsgi,,TRW,,year,Pages2kTemperature,NAm_1996
338,NAm-ElephantMountain.Conkey.1994,tree,44.8,-70.8,930.0,MXD,,MXD,,year,Pages2kTemperature,NAm_2704
339,Asi-CHIN046.Brauning.2013,tree,31.12,97.03,3150.0,trsgi,,TRW,,year,Pages2kTemperature,Asia_221
340,Ocn-GreatBarrierReef.Hendy.2002,coral,-18.315,146.595,-10.0,temperature,degC,Coral Sr/Ca,,year,Pages2kTemperature,O2kLR_150
341,NAm-FlowerLake.Graybill.1995,tree,36.5,-118.2,3291.0,trsgi,,TRW,,year,Pages2kTemperature,NAm_616
342,NAm-PintlersTwo.Littell.2011,tree,46.0,-113.4,2750.0,trsgi,,TRW,,year,Pages2kTemperature,NAm_2836
344,Ocn-Guadeloupe.Steinhilber.2010,coral,16.2,-61.49,-1.7,Sr_Ca,mmol/mol,Sr/Ca,,year,Pages2kTemperature,Ocean2kHR_098
345,NAm-Ymir.Wilson.2005,tree,49.4,-117.2,1980.0,trsgi,,TRW,,year,Pages2kTemperature,NAm_1600
346,NAm-BurntOver.D'Arrigo.2005,tree,65.2,-162.3,259.0,trsgi,,TRW,,year,Pages2kTemperature,NAm_256
347,Asi-NEPA042.Krusic.2010,tree,27.83,88.02,3300.0,trsgi,,TRW,,year,Pages2kTemperature,Asia_181
348,Ocn-CapeGhir.Doose-Rolinski.2007,marine sediment,30.85,-10.2685,-900.0,temperature,degC,alkenone,,year,Pages2kTemperature,O2kLR_112
349,Asi-TIANMU.PAGES2k.2013,tree,30.33,119.43,3539.0,trsgi,,TRW,,year,Pages2kTemperature,Asia_065
350,Asi-VIET001.Buckley.2010,tree,12.22,108.73,3900.0,trsgi,,TRW,,year,Pages2kTemperature,Asia_229
351,Asi-RUSS236.Sano.2009,tree,55.0,160.5,1350.0,trsgi,,TRW,,year,Pages2kTemperature,Asia_133
353,Arc-BrayaSoe.D'Andrea.2011,lake sediment,67.0,-50.7,170.0,temperature,degC,alkenone,,year,Pages2kTemperature,Arc_042
354,NAm-FremontGlacier.Hill.0,tree,43.0,-109.6,3292.0,trsgi,,TRW,,year,Pages2kTemperature,NAm_016
355,Ocn-PigmyBasin.Richey.2015,marine sediment,27.2,-91.42,-2259.0,temperature,degC,foram Mg/Ca,,year,Pages2kTemperature,LPD572f7cc3
356,Asi-MONG018.Jacoby.2010,tree,49.97,90.98,1300.0,trsgi,,TRW,,year,Pages2kTemperature,Asia_142
357,Ocn-RarotongaSrCa2r.Linsley.2006,coral,-21.2378,-159.8278,-18.3,Sr_Ca,mmol/mol,Sr/Ca,,year,Pages2kTemperature,Ocean2kHR_149
358,Ocn-MD95-2011.Grimalt.2002,marine sediment,66.97,7.63,-1048.0,temperature,degC,alkenone,,year,Pages2kTemperature,O2kLR_105
359,Asi-MQRXJP.PAGES2k.2013,tree,34.75,99.68,100.0,trsgi,,TRW,,year,Pages2kTemperature,Asia_055
360,Asi-MONG025.Jacoby.2010,tree,48.7,88.8,4400.0,trsgi,,TRW,,year,Pages2kTemperature,Asia_150
362,Asi-UULLWW.Schweingruber.2002,tree,50.48,87.65,2150.0,trsgi,,TRW,,year,Pages2kTemperature,Asia_013
363,Asi-PAKI003.Esper.2007,tree,36.03,74.58,3300.0,trsgi,,TRW,,year,Pages2kTemperature,Asia_188
364,Asi-PAKI016.Esper.2007,tree,35.17,75.5,3050.0,trsgi,,TRW,,year,Pages2kTemperature,Asia_212
366,NAm-UpperWrightLakes.Graumlich.2005,tree,36.4,-118.2,3519.0,trsgi,,TRW,,year,Pages2kTemperature,NAm_880
367,Asi-CHIN051.Shao.2013,tree,37.47,97.22,3000.0,trsgi,,TRW,,year,Pages2kTemperature,Asia_085
368,Afr-LakeMalawi.Powers.2011,lake sediment,-10.0033,34.2883,477.0,temperature,degC,TEX86,,year,Pages2kTemperature,Malawi05
369,Ocn-GulfofMaine.Wanamaker.2007,bivalve,43.6561,-69.8017,-30.0,d18O,permil,d18O,,year,Pages2kTemperature,Ocean2kHR_122
370,Ocn-MinorcaContourite.Moreno.2012,marine sediment,40.5,4.03,-2394.0,temperature,degC,alkenone,,year,Pages2kTemperature,LPD10e9f8f7
371,Asi-ZHANGX.PAGES2k.2010,tree,34.63,104.47,2900.0,trsgi,,TRW,,year,Pages2kTemperature,Asia_069
372,Afr-LakeTanganyika.Tierney.2010,lake sediment,-6.03,28.53,905.0,temperature,degC,TEX86,,year,Pages2kTemperature,Africa_004
373,Ocn-AmedeeIsland.DeLong.2012,coral,-22.475,166.4667,-3.0,Sr_Ca,mmol/mol,Sr/Ca,,year,Pages2kTemperature,Ocean2kHR_134
374,NAm-SouthernAlaskacomposite.D'Arrigo.2006,tree,56.0,-132.0,,trsgi,,TRW,,year,Pages2kTemperature,NAm_436
375,NAm-PeytoLake.Schweingruber.1996,tree,51.8,-116.2,2050.0,MXD,,MXD,,year,Pages2kTemperature,NAm_1240
376,Asi-HRPCSM.PAGES2k.2013,tree,35.88,74.88,3100.0,trsgi,,TRW,,year,Pages2kTemperature,Asia_215
377,NAm-LacNoir.Paquette.2013,lake sediment,45.8,-75.1,176.0,temperature,degC,pollen,,year,Pages2kTemperature,NAm_3853
378,Asi-MONG033.Jacoby.2010,tree,49.37,94.88,2800.0,trsgi,,TRW,,year,Pages2kTemperature,Asia_146
380,Asi-ENEPAB.PAGES2k.2013,tree,27.73,87.2,3300.0,trsgi,,TRW,,year,Pages2kTemperature,Asia_182
381,Eur-EasternCarpathianMountains.Popa.2008,tree,47.0,25.3,1820.0,trsgi,,TRW,,year,Pages2kTemperature,Eur_016
382,Asi-CHIN043.Brauning.2013,tree,29.3,91.97,3900.0,trsgi,,TRW,,year,Pages2kTemperature,Asia_220
383,Asi-ZhejiangAndFujian.Zhang.1980,documents,25.0,118.0,2400.0,temperature,index,historic,,year,Pages2kTemperature,Asia_327
384,NAm-AlmondButterUpper.D'Arrigo.2005,tree,65.2,-162.2,213.0,trsgi,,TRW,,year,Pages2kTemperature,NAm_244
385,NAm-NorthernAlaskaComposite.D'Arrigo.2006,tree,67.0,-152.0,200.0,MXD,,MXD,,year,Pages2kTemperature,NAm_3760
386,NAm-FortChimo.Fritts.1981,tree,58.4,-68.4,46.0,trsgi,,TRW,,year,Pages2kTemperature,NAm_916
388,Asi-PAKI031.Cook.2013,tree,35.5,74.08,3600.0,trsgi,,TRW,,year,Pages2kTemperature,Asia_206
389,Ocn-CariacoBasin.Lea.2003,marine sediment,10.7,-64.94,-790.0,temperature,degC,foram Mg/Ca,,year,Pages2kTemperature,LPDcda1c277
390,Ocn-DryTortugas.DeLong.2014,coral,24.6,-82.3,-4.0,Sr_Ca,mmol/mol,Sr/Ca,,year,Pages2kTemperature,Ocean2kHR_123
391,NAm-CottonwoodPass.Briffa.1996,tree,38.7,-107.6,3700.0,MXD,,MXD,,year,Pages2kTemperature,NAm_2512
392,NAm-CottonwoodPass.Briffa.1996,tree,38.7,-107.6,3700.0,trsgi,,TRW,,year,Pages2kTemperature,NAm_2500
393,Asi-NEPA021.Krusic.2013,tree,27.5,88.02,3400.0,trsgi,,TRW,,year,Pages2kTemperature,Asia_179
394,Arc-BlueLake.Bird.2008,lake sediment,68.09,-150.47,1275.0,thickness,cm,varve thickness,,year,Pages2kTemperature,Arc_001
395,Ocn-GingerbreadsBahamas.Saenger.2009,coral,25.84,-78.62,-4.0,calcification,cm/yr,calcification,,year,Pages2kTemperature,Ocean2kHR_130
396,Asi-PAKI011.Esper.2007,tree,36.58,75.08,3276.0,trsgi,,TRW,,year,Pages2kTemperature,Asia_204
397,Asi-PAKI004.Esper.2007,tree,36.03,74.58,3800.0,trsgi,,TRW,,year,Pages2kTemperature,Asia_189
398,Ocn-SouthIceland.Sicre.2011,marine sediment,57.45,-27.91,-2630.0,temperature,degC,alkenone,,year,Pages2kTemperature,O2kLR_047
399,SAm-CentralAndes6.Villalba.2014,tree,-38.5,-71.5,1400.0,trsgi,,TRW,,year,Pages2kTemperature,SAm_015
400,NAm-Bonif.Schweingruber.1996,tree,55.3,-77.8,50.0,trsgi,,TRW,,year,Pages2kTemperature,NAm_1432
401,NAm-Bonif.Schweingruber.1996,tree,55.3,-77.8,50.0,MXD,,MXD,,year,Pages2kTemperature,NAm_1444
402,NAm-Arapahoe.Kienast.1996,tree,40.1,-105.6,3320.0,MXD,,MXD,,year,Pages2kTemperature,NAm_2392
403,Asi-GuangdongAndGuangxi.Zhang.1980,documents,23.5,112.5,2480.0,temperature,index,historic,,year,Pages2kTemperature,Asia_326
404,Asi-CENTIB.PAGES2k.2013,tree,29.35,92.0,2900.0,trsgi,,TRW,,year,Pages2kTemperature,Asia_225
405,Asi-MQAXJP.PAGES2k.2013,tree,35.07,100.35,700.0,trsgi,,TRW,,year,Pages2kTemperature,Asia_051
406,Asi-PAKI035.Cook.2013,tree,36.15,74.18,3900.0,trsgi,,TRW,,year,Pages2kTemperature,Asia_208
407,Asi-MONG017.Jacoby.2010,tree,49.97,91.0,1100.0,trsgi,,TRW,,year,Pages2kTemperature,Asia_141
408,Asi-Dasuopu.Thompson.2000,glacier ice,28.38,85.72,7200.0,d18O,permil,d18O,,year,Pages2kTemperature,Asia_236
409,Asi-UKHEWW.Schweingruber.2002,tree,50.15,85.37,1750.0,trsgi,,TRW,,year,Pages2kTemperature,Asia_019
410,"Ocn-SinaiPeninsula,RedSea.Moustafa.2000",coral,27.8483,34.31,-3.0,d18O,permil,d18O,,year,Pages2kTemperature,Ocean2kHR_018
411,Asi-PAKI022.Cook.2013,tree,35.9,71.73,3600.0,trsgi,,TRW,,year,Pages2kTemperature,Asia_192
412,Asi-MONG007.Schweingruber.2013,tree,49.7,91.55,2827.0,trsgi,,TRW,,year,Pages2kTemperature,Asia_159
413,Asi-HXBURU.PAGES2k.2013,tree,43.18,87.18,3400.0,trsgi,,TRW,,year,Pages2kTemperature,Asia_074
414,NAm-TimberGapUpper.Graybill.1995,tree,36.3,-118.4,3261.0,trsgi,,TRW,,year,Pages2kTemperature,NAm_628
415,Asi-CHIN047.Brauning.2013,tree,31.12,97.03,2500.0,trsgi,,TRW,,year,Pages2kTemperature,Asia_218
416,Asi-PAKI010.Esper.2007,tree,36.58,75.08,3740.0,trsgi,,TRW,,year,Pages2kTemperature,Asia_203
418,Ocn-Clipperton6a.Wu.2014,coral,10.2773,-109.2131,-13.0,Sr_Ca,mmol/mol,Sr/Ca,,year,Pages2kTemperature,Ocean2kHR_186
420,Ocn-TongueoftheOceanExuma.Rosenheim.2005,sclerosponge,23.766,-76.053,-136.0,Sr_Ca,mmol/mol,Sr/Ca,,year,Pages2kTemperature,Ocean2kHR_113
421,NAm-WindyRidgeAlaska.D'Arrigo.2005,tree,65.2,-162.2,251.0,trsgi,,TRW,,year,Pages2kTemperature,NAm_280
422,Asi-SODAPS.PAGES2k.2013,tree,48.3,98.93,2500.0,trsgi,,TRW,,year,Pages2kTemperature,Asia_155
423,Arc-Yamalia.Briffa.2013,tree,66.8,68.0,30.0,temperature,degC,TRW,,year,Pages2kTemperature,Arc_100
424,Asi-HBMXJP.PAGES2k.2013,tree,34.78,100.82,3300.0,trsgi,,TRW,,year,Pages2kTemperature,Asia_059
425,Asi-PAKI025.Cook.2013,tree,35.45,74.78,2760.0,trsgi,,TRW,,year,Pages2kTemperature,Asia_197
426,Ocn-CapeHatteras.Cleroux.2008,marine sediment,34.973,-75.201,-620.0,temperature,degC,foram Mg/Ca,,year,Pages2kTemperature,O2kLR_101
427,Asi-LAJQIN.PAGES2k.2013,tree,34.72,100.72,1750.0,trsgi,,TRW,,year,Pages2kTemperature,Asia_046
428,Ocn-WesternAntarcticPeninsula.Shevenell.2011,marine sediment,-64.87,-64.2,-1011.0,temperature,degC,TEX86,,year,Pages2kTemperature,LPD2a3997a7
429,Arc-Armarnaes.Bjorklund.2012,tree,65.9,16.1,500.0,density,,delta Density,,year,Pages2kTemperature,Arc_058
430,NAm-HellsKitchenLake.Gajewski.1988,lake sediment,46.2,-89.7,488.0,temperature,degC,pollen,,year,Pages2kTemperature,NAm_3798
432,Asi-MONG006.Jacoby.2006,tree,47.78,107.5,3050.0,trsgi,,TRW,,year,Pages2kTemperature,Asia_162
433,Asi-PAKI018.Cook.2013,tree,35.33,74.8,3200.0,trsgi,,TRW,,year,Pages2kTemperature,Asia_185
434,Ocn-GBR.Wei.2009,coral,-16.7167,146.0333,,Sr_Ca,mmol/mol,Sr/Ca,,year,Pages2kTemperature,Ocean2kHR_191
435,Ocn-GBR.Wei.2009,coral,-16.7167,146.0333,,d18O,permil,d18O,,year,Pages2kTemperature,Ocean2kHR_190
436,Asi-TH001.Buckley.2010,tree,19.28,98.93,3900.0,trsgi,,TRW,,year,Pages2kTemperature,Asia_226
437,NAm-StarrigawanOldSitka.Kaiser.1996,tree,57.1,-135.4,5.0,trsgi,,TRW,,year,Pages2kTemperature,NAm_484
438,Asi-Guangdong.Zheng.1982,documents,23.16,113.23,3900.0,temperature,index,historic,,year,Pages2kTemperature,Asia_329
439,Ocn-TagusMudPatch.Abrantes.2005,marine sediment,38.556,-9.3498,-96.0,temperature,degC,alkenone,,year,Pages2kTemperature,LPDb7ba9166
440,Ocn-TantabiddiReefNingaloo.Cooper.2012,coral,-21.9,113.9667,-6.0,composite,percent,calcification rate,,year,Pages2kTemperature,LPD8bd4e07e
441,Asi-HBLXJP.PAGES2k.2013,tree,34.78,100.82,4000.0,trsgi,,TRW,,year,Pages2kTemperature,Asia_058
442,NAm-HohLakeHigh.Peterson.1994,tree,47.9,-123.8,1465.0,trsgi,,TRW,,year,Pages2kTemperature,NAm_3520
443,Asi-MQFXJP.PAGES2k.2013,tree,34.75,99.68,700.0,trsgi,,TRW,,year,Pages2kTemperature,Asia_054
444,Asi-PAKI021.Cook.2013,tree,35.68,71.63,3450.0,trsgi,,TRW,,year,Pages2kTemperature,Asia_191
445,Asi-PAKI036.Cook.2013,tree,36.15,74.18,3900.0,trsgi,,TRW,,year,Pages2kTemperature,Asia_209
446,Aus-CTPWestTasmania.Allen.2001,tree,-41.67,145.65,550.0,trsgi,,TRW,,year,Pages2kTemperature,Aus_020
447,Asi-SouthChina.Wang.1998,documents,23.0,114.0,2200.0,temperature,index,historic,,year,Pages2kTemperature,Asia_319
448,NAm-DeerMountain.Wiles.2011,tree,55.3,-131.6,815.0,trsgi,,TRW,,year,Pages2kTemperature,NAm_412
449,NAm-FoolCreek.Brown.2005,tree,39.9,-105.9,3370.0,trsgi,,TRW,,year,Pages2kTemperature,NAm_2560
450,NAm-FoolCreek.Brown.2005,tree,39.9,-105.9,3370.0,MXD,,MXD,,year,Pages2kTemperature,NAm_2572
451,NAm-ArrowsmithMountain.Briffa.1996,tree,49.2,-125.2,1020.0,MXD,,MXD,,year,Pages2kTemperature,NAm_1360
452,Asi-PAKI002.Esper.2007,tree,36.03,74.58,5000.0,trsgi,,TRW,,year,Pages2kTemperature,Asia_187
453,Asi-NEPA030.Krusic.2013,tree,27.78,87.27,3200.0,trsgi,,TRW,,year,Pages2kTemperature,Asia_175
454,NAm-RoweLakes.Colenutt.2011,tree,49.0,-114.0,2135.0,trsgi,,TRW,,year,Pages2kTemperature,NAm_2848
455,NAm-MedicineBowPeak.Briffa.1996,tree,41.3,-107.7,3150.0,MXD,,MXD,,year,Pages2kTemperature,NAm_3628
456,NAm-MedicineBowPeak.Briffa.1996,tree,41.3,-107.7,3150.0,trsgi,,TRW,,year,Pages2kTemperature,NAm_3616
457,Asi-MONG010.Jacoby.2013,tree,47.27,100.03,4100.0,trsgi,,TRW,,year,Pages2kTemperature,Asia_157
458,NAm-ConroyLake.Gajewski.1988,lake sediment,46.3,-67.9,140.0,temperature,degC,pollen,,year,Pages2kTemperature,NAm_3807
459,Ocn-OkinawaTrough.Wu.2012,marine sediment,24.8,122.5,-1274.0,temperature,degC,TEX86,,year,Pages2kTemperature,O2kLR_165
460,Asi-GHEGAN.PAGES2k.2013,tree,37.93,101.53,1750.0,trsgi,,TRW,,year,Pages2kTemperature,Asia_047
461,Asi-CHIN056.Shao.2013,tree,34.47,110.08,4900.0,trsgi,,TRW,,year,Pages2kTemperature,Asia_090
462,Asi-CHIN042.Brauning.2013,tree,31.95,98.87,3300.0,trsgi,,TRW,,year,Pages2kTemperature,Asia_217
463,Ocn-XishaIslandSouthChinaSea.Sun.2004,coral,16.85,112.33,-20.0,Sr_Ca,mmol/mol,Sr/Ca,,year,Pages2kTemperature,Ocean2kHR_137
466,NAm-CanyonCreek.Lloyd.2002,tree,63.3,-147.8,884.0,trsgi,,TRW,,year,Pages2kTemperature,NAm_196
467,Asi-CHIN052.Shao.2013,tree,37.45,97.53,2060.0,trsgi,,TRW,,year,Pages2kTemperature,Asia_086
468,Asi-Hushre.PAGES2k.2013,tree,46.78,101.95,3700.0,trsgi,,TRW,,year,Pages2kTemperature,Asia_165
469,NAm-SheepMountain.Graybill.1995,tree,37.2,-118.1,3475.0,trsgi,,TRW,,year,Pages2kTemperature,NAm_664
470,Asi-MTASMD.Davi.2013,tree,43.77,142.55,3780.0,trsgi,,TRW,,year,Pages2kTemperature,Asia_109
471,Eur-Loetschental.Buentgen.2006,tree,46.4,7.8,1700.0,MXD,,MXD,,year,Pages2kTemperature,Eur_018
472,NAm-BellMountain.Schweingruber.1996,tree,53.3,-120.7,1530.0,MXD,,MXD,,year,Pages2kTemperature,NAm_1168
473,Ocn-PedroBankJamaica.Haase-Schramm.2003,sclerosponge,17.5333,-78.95,-125.0,d18O,permil,d18O,,year,Pages2kTemperature,Ocean2kHR_128
474,Ocn-PedroBankJamaica.Haase-Schramm.2003,sclerosponge,17.5333,-78.95,-125.0,Sr_Ca,mmol/mol,Sr/Ca,,year,Pages2kTemperature,Ocean2kHR_129
475,Ocn-SantaBarbaraBasin.Zhao.2000,marine sediment,34.23,-120.02,-590.0,temperature,degC,alkenone,,year,Pages2kTemperature,O2kLR_183
476,Ocn-SouthAtlanticWestAfrica.Leduc.2010,marine sediment,-29.14,16.72,-97.0,temperature,degC,alkenone,,year,Pages2kTemperature,LPDa77273bb
477,Asi-MQDXJP.PAGES2k.2013,tree,34.72,99.67,500.0,trsgi,,TRW,,year,Pages2kTemperature,Asia_053
478,Asi-CHIN018.Li.2010,tree,29.28,100.08,2150.0,trsgi,,TRW,,year,Pages2kTemperature,Asia_040
479,Ocn-DryTortugas.Lund.2006,marine sediment,24.59,-83.58,-530.0,temperature,degC,foram Mg/Ca,,year,Pages2kTemperature,LPDf7bace53
481,Ocn-ClippertonAtoll.Linsley.2000,coral,10.2773,-109.2131,-8.2,d18O,permil,d18O,,year,Pages2kTemperature,Ocean2kHR_169
482,Asi-MONG009.Jacoby.2013,tree,49.92,91.57,2800.0,trsgi,,TRW,,year,Pages2kTemperature,Asia_147
483,Asi-NEPA029.Krusic.2013,tree,28.18,85.43,4000.0,trsgi,,TRW,,year,Pages2kTemperature,Asia_174
484,Asi-MiddleYangtzeRiver.Zhang.1980,documents,30.5,114.5,1900.0,temperature,index,historic,,year,Pages2kTemperature,Asia_325
485,Asi-HYGJUP.PAGES2k.2013,tree,38.7,99.68,5600.0,trsgi,,TRW,,year,Pages2kTemperature,Asia_077
486,Asi-NEPA014.Krusic.2013,tree,27.7,86.28,3400.0,trsgi,,TRW,,year,Pages2kTemperature,Asia_169
487,NAm-SleepingDeerRoad.Hughes.2005,tree,44.6,-114.5,2820.0,MXD,,MXD,,year,Pages2kTemperature,NAm_2668
488,NAm-SleepingDeerRoad.Hughes.2005,tree,44.6,-114.5,2820.0,trsgi,,TRW,,year,Pages2kTemperature,NAm_2656
489,NAm-SettlementPointAfognakIsland.Harlan.1998,tree,58.1,-152.7,10.0,trsgi,,TRW,,year,Pages2kTemperature,NAm_172
490,Asi-BURGPW.PAGES2k.2013,tree,28.77,83.73,2500.0,trsgi,,TRW,,year,Pages2kTemperature,Asia_178
491,NAm-SylvanPassbeiCody.Briffa.1996,tree,44.4,-110.1,2580.0,MXD,,MXD,,year,Pages2kTemperature,NAm_3652
492,NAm-PrinceWilliamSound.Barclay.1999,tree,60.5,-148.3,100.0,trsgi,,TRW,,year,Pages2kTemperature,NAm_388
493,Asi-CHIN044.Brauning.2013,tree,29.07,93.95,2400.0,trsgi,,TRW,,year,Pages2kTemperature,Asia_222
494,NAm-CornwallHills.Wilson.2005,tree,50.7,-121.5,1980.0,trsgi,,TRW,,year,Pages2kTemperature,NAm_1708
495,NAm-CornwallHills.Wilson.2005,tree,50.7,-121.5,1980.0,MXD,,MXD,,year,Pages2kTemperature,NAm_1720
496,Asi-NEPA027.Krusic.2013,tree,27.5,87.98,3300.0,trsgi,,TRW,,year,Pages2kTemperature,Asia_180
497,Asi-CHIN058.Shao.2013,tree,34.47,110.08,3950.0,trsgi,,TRW,,year,Pages2kTemperature,Asia_092
498,Asi-YKC.Yasue.2013,tree,30.33,130.45,3700.0,trsgi,,TRW,,year,Pages2kTemperature,Asia_119
499,Ocn-GreatBahamaBank.Lund.2006,marine sediment,24.765,-79.29,-694.0,temperature,degC,foram Mg/Ca,,year,Pages2kTemperature,LPD7c7e19c5
500,NAm-Bennington.Luckman.2013,tree,52.7,-118.3,1850.0,trsgi,,TRW,,year,Pages2kTemperature,NAm_1840
501,Eur-NorthernSpain.Martin-Chivelet.2011,speleothem,42.9,-3.5,1250.0,d18O,permil,d18O,,year,Pages2kTemperature,Eur_008
502,NAm-LakeMina.St.Jacques.2008,lake sediment,45.89,-95.478,415.0,temperature,degC,pollen,,year,Pages2kTemperature,NAm_3868
503,NAm-LakeMina.St.Jacques.2008,lake sediment,45.89,-95.478,415.0,temperature,degC,pollen,,year,Pages2kTemperature,NAm_3867
504,Eur-LakeSilvaplana.Larocque-Tobler.2010,lake sediment,46.5,9.8,1791.0,temperature,degC,chironomid,,year,Pages2kTemperature,Eur_003
505,Ocn-WEqPacific.Stott.2007,marine sediment,-5.0,133.44,-2382.0,temperature,degC,foram Mg/Ca,,year,Pages2kTemperature,O2kLR_131
506,Asi-PAKI015.Esper.2007,tree,35.17,75.5,3300.0,trsgi,,TRW,,year,Pages2kTemperature,Asia_211
507,Ocn-SWCoastOfIndia.Saraswat.2013,marine sediment,10.98,74.9993,-1245.0,temperature,degC,foram Mg/Ca,,year,Pages2kTemperature,O2kLR_118
508,Ocn-EasternTropicalNorthAtlantic.Kuhnert.2011,marine sediment,16.8402,-16.7327,-330.0,temperature,degC,foram Mg/Ca,,year,Pages2kTemperature,LPD13a78f9b
509,Asi-MTASSP.Davi.2013,tree,43.77,142.55,3730.0,trsgi,,TRW,,year,Pages2kTemperature,Asia_108
510,Asi-CHIN061.Shao.2013,tree,37.03,98.63,2500.0,trsgi,,TRW,,year,Pages2kTemperature,Asia_095
511,Ocn-MontegoBayJamaica.Haase-Schramm.2003,sclerosponge,18.4667,-77.95,-20.0,Sr_Ca,mmol/mol,Sr/Ca,,year,Pages2kTemperature,Ocean2kHR_127
512,Ocn-MontegoBayJamaica.Haase-Schramm.2003,sclerosponge,18.4667,-77.95,-20.0,d18O,permil,d18O,,year,Pages2kTemperature,Ocean2kHR_126
513,Ant-Vostok.Ekaykin.2014,glacier ice,-78.2785,104.8005,3488.0,dD,permil,dD,,year,Pages2kTemperature,Ant_028
514,Asi-DUSHJP.PAGES2k.2013,tree,36.65,98.08,100.0,trsgi,,TRW,,year,Pages2kTemperature,Asia_050
515,NAm-SurpriseValley.Luckman.2001,tree,52.8,-117.7,1800.0,trsgi,,TRW,,year,Pages2kTemperature,NAm_2308
516,NAm-LaTasajera.Biondi.2001,tree,31.0,-115.5,2400.0,trsgi,,TRW,,year,Pages2kTemperature,NAm_2716
517,NAm-ShermanCreekPass.Briffa.1996,tree,48.7,-118.3,1800.0,MXD,,MXD,,year,Pages2kTemperature,NAm_3484
518,NAm-ShermanCreekPass.Briffa.1996,tree,48.7,-118.3,1800.0,trsgi,,TRW,,year,Pages2kTemperature,NAm_3472
519,Asi-CHIN038.Fan.2013,tree,27.58,99.28,4100.0,trsgi,,TRW,,year,Pages2kTemperature,Asia_080
520,Asi-CHIN026.Wright.2010,tree,27.62,99.8,2900.0,trsgi,,TRW,,year,Pages2kTemperature,Asia_076
521,Asi-NOGSAK.PAGES2k.2013,tree,51.83,143.13,3300.0,trsgi,,TRW,,year,Pages2kTemperature,Asia_216
522,NAm-BigBendLake.Jacoby.2003,tree,61.3,-142.7,1040.0,trsgi,,TRW,,year,Pages2kTemperature,NAm_364
523,Ocn-KuroshioCurrent.Isono.2009,marine sediment,36.03,141.78,-2224.0,temperature,degC,alkenone,,year,Pages2kTemperature,O2kLR_175
524,Ocn-NorthwestPacificOcean.Harada.2004,marine sediment,46.32,152.53,-2793.0,temperature,degC,alkenone,,year,Pages2kTemperature,O2kLR_146
525,Ocn-SouthernChileMargin.Mohtadi.2007,marine sediment,-44.15,-75.16,-1169.0,temperature,degC,alkenone,,year,Pages2kTemperature,O2kLR_195
526,Asi-CHIN065.Shao.2013,tree,32.67,95.72,4500.0,trsgi,,TRW,,year,Pages2kTemperature,Asia_099
527,Asi-NEPA003.Krusic.2013,tree,29.48,82.08,3700.0,trsgi,,TRW,,year,Pages2kTemperature,Asia_167
528,NAm-DanaPlateauInyoNationalForest.King.2000,tree,37.9,-119.2,3300.0,trsgi,,TRW,,year,Pages2kTemperature,NAm_772
529,NAm-WrangellsComposite.D'Arrigo.2006,tree,62.0,-142.0,200.0,MXD,,MXD,,year,Pages2kTemperature,NAm_3748
530,Asi-DQHZHO.PAGES2k.2013,tree,35.0,100.07,3400.0,trsgi,,TRW,,year,Pages2kTemperature,Asia_075
531,Ocn-Philippines.Stott.2007,marine sediment,6.3,125.82,-2114.0,temperature,degC,foram Mg/Ca,,year,Pages2kTemperature,LPD1a0245b7
532,Ocn-MakassarStrait.Oppo.2009,marine sediment,-3.53,119.2,-503.0,temperature,degC,foram Mg/Ca,,year,Pages2kTemperature,O2kLR_148
533,NAm-CienegadeNuestraSenoradeGuadalupe.Fule.2009,tree,25.1,-106.3,2000.0,trsgi,,TRW,,year,Pages2kTemperature,NAm_2728
534,Asi-SHIYAT.PAGES2k.2013,tree,39.83,71.5,,trsgi,,TRW,,year,Pages2kTemperature,Asia_130
535,NAm-GalenaPassSawtooth.Briffa.1996,tree,43.9,-114.7,2580.0,MXD,,MXD,,year,Pages2kTemperature,NAm_2632
536,NAm-BarlowPassamMtHood.Briffa.1996,tree,45.3,-121.7,1300.0,MXD,,MXD,,year,Pages2kTemperature,NAm_3124
537,Aus-StewartIsland.D'Arrigo.1996,tree,-47.0,167.8,450.0,trsgi,,TRW,,year,Pages2kTemperature,Aus_067
538,Arc-VoeringPlateau.Berner.2011,marine sediment,66.97,7.64,-1048.0,temperature,degC,diatom,,year,Pages2kTemperature,Arc_037
539,Ocn-GreatBahamaBank.Richter.2006,marine sediment,24.58,-79.26,-531.0,temperature,degC,foram Mg/Ca,,year,Pages2kTemperature,LPDefb3d2b0
540,NAm-HighlandFireOutlook.Briffa.1996,tree,45.8,-112.5,2730.0,trsgi,,TRW,,year,Pages2kTemperature,NAm_2740
541,NAm-HighlandFireOutlook.Briffa.1996,tree,45.8,-112.5,2730.0,MXD,,MXD,,year,Pages2kTemperature,NAm_2752
544,NAm-IttyhaukBay.D'Arrigo.2011,tree,56.0,-61.0,50.0,trsgi,,TRW,,year,Pages2kTemperature,NAm_1744
545,Ocn-Ningaloo.Kuhnert.2000,coral,-21.905,113.965,-3.0,d18O,permil,d18O,,year,Pages2kTemperature,Ocean2kHR_008
546,NAm-CardinalDivide.Luckman.2001,tree,52.9,-117.3,2050.0,trsgi,,TRW,,year,Pages2kTemperature,NAm_2128
547,Arc-Kongressvatnet.D'Andrea.2012,lake sediment,78.0217,13.9311,94.0,temperature,degC,alkenone,,year,Pages2kTemperature,Arc_078
548,NAm-RedMountainPassSilverton.Graybill.1994,tree,37.9,-107.7,3400.0,MXD,,MXD,,year,Pages2kTemperature,NAm_2464
549,Asi-JAPA012.Yasue.1997,tree,44.95,142.12,2000.0,trsgi,,TRW,,year,Pages2kTemperature,Asia_116
550,Ocn-Rabaul.Quinn.2006,coral,-4.1916,151.9772,-8.0,Sr_Ca,mmol/mol,Sr/Ca,,year,Pages2kTemperature,Ocean2kHR_145
552,NAm-CirquePeak.Graybill.1995,tree,36.3,-118.2,3505.0,trsgi,,TRW,,year,Pages2kTemperature,NAm_640
553,Asi-PAKI007.Esper.2007,tree,36.33,74.03,3330.0,trsgi,,TRW,,year,Pages2kTemperature,Asia_196
554,Asi-PAKI012.Esper.2007,tree,36.58,75.08,3033.0,trsgi,,TRW,,year,Pages2kTemperature,Asia_205
555,NAm-Manitoba.D'Arrigo.2006,tree,58.0,-94.0,100.0,trsgi,,TRW,,year,Pages2kTemperature,NAm_1828
556,Aus-TakapariCedar.Xiong.2000,tree,-40.07,175.98,820.0,trsgi,,TRW,,year,Pages2kTemperature,Aus_071
557,NAm-GreenLake.Menounos.2006,lake sediment,50.2,-122.9,640.0,thickness,,varve thickness,,year,Pages2kTemperature,NAm_3865
558,NAm-AlmondButterLower.D'Arrigo.2005,tree,65.2,-162.2,168.0,trsgi,,TRW,,year,Pages2kTemperature,NAm_232
559,Ocn-RAPiD-12-1K.Thornalley.2009,marine sediment,62.08,-17.82,-1938.0,temperature,degC,foram Mg/Ca,,year,Pages2kTemperature,LPDb17a5e9e
560,Asi-MONG011.Jacoby.2006,tree,48.13,100.27,3700.0,trsgi,,TRW,,year,Pages2kTemperature,Asia_163
561,Asi-INDI015.Borgaonkar.2013,tree,31.2,77.23,3150.0,trsgi,,TRW,,year,Pages2kTemperature,Asia_104
562,Asi-NEPA015.Krusic.2013,tree,28.38,83.7,3600.0,trsgi,,TRW,,year,Pages2kTemperature,Asia_170
563,Ocn-HoutmanAbrolhosHAB05B.Zinke.2014,coral,-28.4609,113.772,-8.0,Sr_Ca,mmol/mol,Sr/Ca,,year,Pages2kTemperature,Ocean2kHR_025
564,Eur-CoastofPortugal.Abrantes.2011,marine sediment,41.1,-8.9,-80.0,temperature,degC,alkenone,,year,Pages2kTemperature,Eur_010
565,NAm-BowSummit-PeytoLake.Luckman.2005,tree,51.7,-116.5,2050.0,trsgi,,TRW,,year,Pages2kTemperature,NAm_2116
566,NAm-LittlePineLake.Gajewski.1988,lake sediment,45.3,-91.5,330.0,temperature,degC,pollen,,year,Pages2kTemperature,NAm_3819
567,Asi-SO90-39KG_SO130-275KL.Munz.2015,marine sediment,24.8333,65.9167,-695.0,temperature,degC,foraminifera,,year,Pages2kTemperature,Asia_335
568,Ocn-CariacoBasin.Black.2007,marine sediment,10.77,-64.77,-450.0,temperature,degC,foram Mg/Ca,,year,Pages2kTemperature,LPDe51d17e8
569,Asi-KunashirIsland.Demezhko.2009,hybrid,43.955,145.725,2400.0,temperature,degC,hybrid,,year,Pages2kTemperature,Asia_235
570,Ocn-Clipperton1b.Wu.2014,coral,10.2773,-109.2131,-13.0,Sr_Ca,mmol/mol,Sr/Ca,,year,Pages2kTemperature,Ocean2kHR_189
571,Ocn-Clipperton1b.Wu.2014,coral,10.2773,-109.2131,-13.0,d18O,permil,d18O,,year,Pages2kTemperature,Ocean2kHR_188
572,SAm-CentralAndes15.Neukom.2014,tree,-41.17,-71.92,1300.0,trsgi,,TRW,,year,Pages2kTemperature,SAm_010
573,Asi-CHIN020.Li.2010,tree,30.23,100.27,2150.0,trsgi,,TRW,,year,Pages2kTemperature,Asia_038
574,Asi-INDO005.D'Arrigo.2010,tree,-5.5,122.8,4200.0,trsgi,,TRW,,year,Pages2kTemperature,Asia_101
575,Ocn-Nauru.Guilderson.1999,coral,-0.533,166.9283,-14.0,d18O,permil,d18O,,year,Pages2kTemperature,Ocean2kHR_179
576,Asi-CHIN045.Brauning.2013,tree,29.62,94.67,2300.0,trsgi,,TRW,,year,Pages2kTemperature,Asia_223
577,Ocn-AlboranSea384B.Nieto-Moreno.2013,marine sediment,35.986,-4.7496,-1022.0,temperature,degC,alkenone,,year,Pages2kTemperature,LPDasan2012
578,Ocn-SavusavuBay1F.Linsley.2006,coral,-16.8167,179.2333,-10.0,Sr_Ca,mmol/mol,Sr/Ca,,year,Pages2kTemperature,Ocean2kHR_158
581,Asi-CHIN017.Li.2010,tree,28.9,99.75,3500.0,trsgi,,TRW,,year,Pages2kTemperature,Asia_070
582,Asi-MONG019.Jacoby.2010,tree,47.1,90.97,1100.0,trsgi,,TRW,,year,Pages2kTemperature,Asia_143
583,NAm-GraniteMountain.Graumlich.2003,tree,47.3,-121.3,1530.0,trsgi,,TRW,,year,Pages2kTemperature,NAm_3352
584,Asi-CHIN039.Fan.2013,tree,28.03,99.02,3400.0,trsgi,,TRW,,year,Pages2kTemperature,Asia_081
585,Arc-Laanila.Lindholm.2013,tree,68.4917,27.3333,265.0,MXD,,MXD,,year,Pages2kTemperature,NPMlaanila2
586,Asi-MONG024.Jacoby.2010,tree,48.5,88.5,3000.0,trsgi,,TRW,,year,Pages2kTemperature,Asia_149
587,NAm-Bennington.Luckman.2001,tree,52.7,-118.3,1850.0,trsgi,,TRW,,year,Pages2kTemperature,NAm_2092
588,Arc-CampCentury.Fisher.1969,glacier ice,77.17,-61.13,1880.0,d18O,permil,d18O,,year,Pages2kTemperature,Arc_005
589,NAm-YosemiteParkEEingang.Briffa.1996,tree,37.8,-119.3,3000.0,MXD,,MXD,,year,Pages2kTemperature,NAm_760
590,Ocn-CapeGhir.McGregor.2007,marine sediment,30.845,-10.0983,-355.0,temperature,degC,alkenone,,year,Pages2kTemperature,LPD84ab67b9
591,Asi-SANGTS.PAGES2k.2013,tree,33.65,107.8,3750.0,trsgi,,TRW,,year,Pages2kTemperature,Asia_063
592,Asi-UKHLWW.Schweingruber.2002,tree,50.15,85.37,1750.0,trsgi,,TRW,,year,Pages2kTemperature,Asia_020
593,Arc-LakeE.D'Andrea.2011,lake sediment,67.0,-50.7,170.0,temperature,degC,alkenone,,year,Pages2kTemperature,Arc_079
595,SAm-CentralAndes11.PAGES2k.2011,tree,-40.1,-72.05,800.0,trsgi,,TRW,,year,Pages2kTemperature,can1101
596,Ocn-GarrisonBasin.Richey.2009,marine sediment,26.68,-93.93,-1570.0,temperature,degC,foram Mg/Ca,,year,Pages2kTemperature,O2kLR_017
597,Asi-TDBXJP.PAGES2k.2013,tree,34.78,100.82,200.0,trsgi,,TRW,,year,Pages2kTemperature,Asia_057
598,Asi-PAKI028.Cook.2013,tree,35.4,74.12,2880.0,trsgi,,TRW,,year,Pages2kTemperature,Asia_199
599,Asi-RUSS219.Jacoby.2010,tree,43.88,145.6,3920.0,trsgi,,TRW,,year,Pages2kTemperature,Asia_110
600,Ocn-MaloChannelEspirituSantoIsland.Kilbourne.2004,coral,-15.7,167.2,-1.5,Sr_Ca,mmol/mol,Sr/Ca,,year,Pages2kTemperature,Ocean2kHR_175
602,Arc-LakeHamptraesk.Luoto.2009,lake sediment,60.28,25.42,29.0,temperature,degC,midge,,year,Pages2kTemperature,Arc_048
603,Asi-JAPA019.Sano.2013,tree,33.73,133.12,3700.0,trsgi,,TRW,,year,Pages2kTemperature,Asia_120
604,Eur-SpanishPyrenees.Dorado-Linan.2012,tree,42.5,1.0,1200.0,trsgi,,TRW,,year,Pages2kTemperature,Eur_020
605,NAm-TwistedTreeHeartrotHill.Jacoby.1989,tree,65.0,-138.3,915.0,trsgi,,TRW,,year,Pages2kTemperature,NAm_1420
606,Asi-NEPA036.Krusic.2013,tree,27.73,87.2,2300.0,trsgi,,TRW,,year,Pages2kTemperature,Asia_177
607,NAm-SpruceCreek.Church.1981,tree,68.6,-138.6,381.0,trsgi,,TRW,,year,Pages2kTemperature,NAm_940
608,Asi-DEZQIN.PAGES2k.2013,tree,34.75,100.82,1750.0,trsgi,,TRW,,year,Pages2kTemperature,Asia_043
609,Eur-FinnishLakelands.Helama.2014,tree,62.0,28.325,130.0,temperature,degC,MXD,,year,Pages2kTemperature,Eur_005
610,Eur-Seebergsee.Larocque-Tobler.2012,lake sediment,46.15,7.5,1830.0,temperature,degC,midge,,year,Pages2kTemperature,Eur_007
611,Asi-PAKI006.Esper.2007,tree,36.33,74.03,3500.0,trsgi,,TRW,,year,Pages2kTemperature,Asia_195
612,Ocn-HaferaIsland.Wu.2013,coral,-19.9333,-174.7167,-10.0,Sr_Ca,mmol/mol,Sr/Ca,,year,Pages2kTemperature,Ocean2kHR_159
613,Eur-NorthernScandinavia.Esper.2012,tree,68.0,25.0,300.0,MXD,,MXD,,year,Pages2kTemperature,Eur_014
614,Asi-ZHIDJP.Shao.2003,tree,33.72,96.28,3800.0,trsgi,,TRW,,year,Pages2kTemperature,Asia_068
615,NAm-Pintlers.Littell.2011,tree,46.0,-113.4,2700.0,trsgi,,TRW,,year,Pages2kTemperature,NAm_2824
616,NAm-SewardComposite.D'Arrigo.2006,tree,65.2,-162.3,100.0,trsgi,,TRW,,year,Pages2kTemperature,NAm_448
617,NAm-SewardComposite.D'Arrigo.2006,tree,65.2,-162.3,100.0,MXD,,MXD,,year,Pages2kTemperature,NAm_460
618,Asi-KERALA.PAGES2k.2013,tree,10.0,76.67,3100.0,trsgi,,TRW,,year,Pages2kTemperature,Asia_106
619,Asi-JAPA013.Yasue.1997,tree,44.35,142.18,3700.0,trsgi,,TRW,,year,Pages2kTemperature,Asia_112
620,NAm-HerringAlpine.Fritts.1995,tree,60.4,-147.8,275.0,trsgi,,TRW,,year,Pages2kTemperature,NAm_064
621,Ocn-MakassarStrait.Linsley.2010,marine sediment,-7.4,115.2,-594.0,temperature,degC,foram Mg/Ca,,year,Pages2kTemperature,O2kLR_135
622,Asi-PAKI009.Esper.2007,tree,36.58,75.08,1500.0,trsgi,,TRW,,year,Pages2kTemperature,Asia_202
623,NAm-HartsPassN2.Peterson.1994,tree,48.7,-120.7,2000.0,trsgi,,TRW,,year,Pages2kTemperature,NAm_3412
624,Asi-HEBQIN.PAGES2k.2013,tree,34.73,100.78,1750.0,trsgi,,TRW,,year,Pages2kTemperature,Asia_045
625,Arc-Kittelfjall.Bjorklund.2012,tree,65.2,15.5,550.0,density,,delta Density,,year,Pages2kTemperature,Arc_057
626,Ocn-PuntaMaroma.Vasquez-Bedoya.2012,coral,20.83,-86.74,-3.1,calcification,mm/yr,calcification,,year,Pages2kTemperature,Ocean2kHR_131
627,NAm-EurekaSummit.Schweingruber.1996,tree,61.8,-147.3,960.0,MXD,,MXD,,year,Pages2kTemperature,NAm_160
628,NAm-EurekaSummit.Schweingruber.1996,tree,61.8,-147.3,960.0,trsgi,,TRW,,year,Pages2kTemperature,NAm_148
629,Asi-EastChina.Wang.1998,documents,34.0,120.0,3300.0,temperature,index,historic,,year,Pages2kTemperature,Asia_318
630,Asi-CHIN062.Shao.2013,tree,37.03,98.67,3700.0,trsgi,,TRW,,year,Pages2kTemperature,Asia_096
631,Asi-UULEWW.Schweingruber.2002,tree,50.48,87.65,2150.0,trsgi,,TRW,,year,Pages2kTemperature,Asia_012
634,NAm-SanFrancisoPeaksUpdate.Graybill.2005,tree,35.3,-111.4,3535.0,trsgi,,TRW,,year,Pages2kTemperature,NAm_040
635,Asi-MONG032.Jacoby.2010,tree,46.52,100.95,3600.0,trsgi,,TRW,,year,Pages2kTemperature,Asia_164
636,Eur-Stockholm.Leijonhufvud.2009,documents,59.32,18.06,10.0,temperature,degC,historic,,year,Pages2kTemperature,Eur_006
637,NAm-CameronPass.Bigler.2007,tree,40.6,-105.8,3100.0,trsgi,,TRW,,year,Pages2kTemperature,NAm_2596
638,Asi-TDAXJP.PAGES2k.2013,tree,34.78,100.8,,trsgi,,TRW,,year,Pages2kTemperature,Asia_056
639,Asi-MONG016.Jacoby.2010,tree,48.6,88.37,880.0,trsgi,,TRW,,year,Pages2kTemperature,Asia_139
640,Arc-AkademiiNaukIceCap.Opel.2013,glacier ice,80.52,94.82,750.0,d18O,permil,d18O,,year,Pages2kTemperature,Arc_089
641,Asi-CHIN004.Wu.2013,tree,34.48,110.08,4050.0,trsgi,,TRW,,year,Pages2kTemperature,Asia_062
642,Asi-ESPPAK.PAGES2k.2013,tree,35.17,75.5,2000.0,trsgi,,TRW,,year,Pages2kTemperature,Asia_183
643,NAm-PethaiPeninsula.Schweingruber.1996,tree,62.7,-111.0,1400.0,MXD,,MXD,,year,Pages2kTemperature,NAm_976
644,Ocn-NorthEastBreakers_Bermuda.Kuhnert.2005,coral,32.467,-64.7,-12.0,Sr_Ca,mmol/mol,Sr/Ca,,year,Pages2kTemperature,Ocean2kHR_106
646,Afr-ColdAirCave.Sundqvist.2013,speleothem,-24.0,29.18,1450.0,d18O,permil,d18O,,year,Pages2kTemperature,Africa_001
647,NAm-TogwateePass.Briffa.1996,tree,43.7,-110.1,2820.0,MXD,,MXD,,year,Pages2kTemperature,NAm_3700
648,NAm-TogwateePass.Briffa.1996,tree,43.7,-110.1,2820.0,trsgi,,TRW,,year,Pages2kTemperature,NAm_3688
649,NAm-Hilda.Kavanagh.2000,tree,52.2,-117.2,2200.0,trsgi,,TRW,,year,Pages2kTemperature,NAm_2176
650,NAm-PyramidMountain.Luckman.2001,tree,53.0,-118.2,2000.0,trsgi,,TRW,,year,Pages2kTemperature,NAm_2236
651,Asi-PAKI001.Esper.2007,tree,36.03,74.58,3200.0,trsgi,,TRW,,year,Pages2kTemperature,Asia_186
652,Asi-PAKI014.Esper.2007,tree,35.17,75.5,3100.0,trsgi,,TRW,,year,Pages2kTemperature,Asia_210
653,Ocn-TongueoftheOcean.Rosenheim.2005,sclerosponge,23.504,-76.577,-143.0,Sr_Ca,mmol/mol,Sr/Ca,,year,Pages2kTemperature,Ocean2kHR_115
654,Ocn-TongueoftheOcean.Rosenheim.2005,sclerosponge,23.504,-76.577,-143.0,d18O,permil,d18O,,year,Pages2kTemperature,Ocean2kHR_114
655,Asi-CHIN066.Shao.2013,tree,33.72,96.28,3500.0,trsgi,,TRW,,year,Pages2kTemperature,Asia_100
